{
  "profile": "tabular-data-package",
  "resources": [
    {
      "name": "lfc_slice",
      "path": "lfc_slice.csv",
      "profile": "tabular-data-resource",
      "format": "csv",
      "mediatype": "text/csv",
      "encoding": "utf-8",
      "schema": {
        "fields": [
          {
            "name": "id",
            "type": "string"
          },
          {
            "name": "(Intercept)",
            "type": "number"
          },
          {
            "name": "SiteValley",
            "type": "number"
          }
        ]
      }
    },
    {
      "name": "se_slice",
      "path": "se_slice.csv",
      "profile": "tabular-data-resource",
      "format": "csv",
      "mediatype": "text/csv",
      "encoding": "utf-8",
      "schema": {
        "fields": [
          {
            "name": "id",
            "type": "string"
          },
          {
            "name": "(Intercept)",
            "type": "number"
          },
          {
            "name": "SiteValley",
            "type": "number"
          }
        ]
      }
    },
    {
      "name": "w_slice",
      "path": "w_slice.csv",
      "profile": "tabular-data-resource",
      "format": "csv",
      "mediatype": "text/csv",
      "encoding": "utf-8",
      "schema": {
        "fields": [
          {
            "name": "id",
            "type": "string"
          },
          {
            "name": "(Intercept)",
            "type": "number"
          },
          {
            "name": "SiteValley",
            "type": "number"
          }
        ]
      }
    },
    {
      "name": "p_val_slice",
      "path": "p_val_slice.csv",
      "profile": "tabular-data-resource",
      "format": "csv",
      "mediatype": "text/csv",
      "encoding": "utf-8",
      "schema": {
        "fields": [
          {
            "name": "id",
            "type": "string"
          },
          {
            "name": "(Intercept)",
            "type": "number"
          },
          {
            "name": "SiteValley",
            "type": "number"
          }
        ]
      }
    },
    {
      "name": "q_val_slice",
      "path": "q_val_slice.csv",
      "profile": "tabular-data-resource",
      "format": "csv",
      "mediatype": "text/csv",
      "encoding": "utf-8",
      "schema": {
        "fields": [
          {
            "name": "id",
            "type": "string"
          },
          {
            "name": "(Intercept)",
            "type": "number"
          },
          {
            "name": "SiteValley",
            "type": "number"
          }
        ]
      }
    }
  ],
  "metadata": {
    "intercept_groups": "Site::Spring"
  }
}
