#OTU ID	I1	I2	I3	S1	S2	S3	V1	V2
Unassigned;__;__	232.0	591.0	466.0	65.0	269.0	567.0	992.0	2800.0
d__Bacteria;p__Proteobacteria;c__Gammaproteobacteria	12748.0	14440.0	7109.0	12669.0	15751.0	12115.0	4606.0	6983.0
d__Bacteria;p__Acidobacteriota;c__Aminicenantia	740.0	820.0	1260.0	1151.0	1908.0	1203.0	492.0	278.0
d__Bacteria;p__Dadabacteria;c__Dadabacteriia	0.0	0.0	0.0	9.0	0.0	0.0	0.0	0.0
d__Bacteria;p__Bacteroidota;c__Bacteroidia	2958.0	6461.0	10340.0	10649.0	11461.0	12683.0	9907.0	3005.0
d__Bacteria;p__Firmicutes;c__Clostridia	1719.0	3316.0	7326.0	5128.0	10533.0	8107.0	7647.0	2515.0
d__Bacteria;p__Chloroflexi;c__Anaerolineae	10106.0	8934.0	6994.0	10389.0	11354.0	10833.0	2498.0	2305.0
d__Bacteria;__;__	1098.0	1088.0	932.0	1531.0	1523.0	1248.0	408.0	326.0
d__Bacteria;p__Chloroflexi;c__Dehalococcoidia	11874.0	6340.0	11466.0	3339.0	3166.0	1556.0	2487.0	1305.0
d__Bacteria;p__Patescibacteria;c__Parcubacteria	87.0	24.0	113.0	454.0	314.0	148.0	27.0	11.0
d__Bacteria;p__Dependentiae;c__Babeliae	177.0	193.0	365.0	610.0	824.0	476.0	295.0	94.0
d__Bacteria;p__Planctomycetota;c__Planctomycetes	47.0	83.0	25.0	150.0	138.0	147.0	32.0	3.0
d__Bacteria;p__Verrucomicrobiota;c__Verrucomicrobiae	929.0	1013.0	945.0	4275.0	4440.0	4016.0	543.0	412.0
d__Bacteria;p__Planctomycetota;c__Pla4_lineage	65.0	46.0	34.0	75.0	118.0	95.0	21.0	12.0
d__Bacteria;p__Myxococcota;c__Polyangia	791.0	714.0	700.0	873.0	728.0	857.0	272.0	205.0
d__Bacteria;p__Spirochaetota;c__Brachyspirae	0.0	0.0	0.0	17.0	0.0	0.0	0.0	0.0
d__Bacteria;p__Planctomycetota;c__vadinHA49	30.0	54.0	36.0	32.0	15.0	67.0	18.0	7.0
d__Bacteria;p__Planctomycetota;c__OM190	74.0	115.0	88.0	12.0	34.0	35.0	15.0	42.0
d__Bacteria;p__Myxococcota;__	0.0	3.0	7.0	46.0	46.0	4.0	0.0	0.0
d__Bacteria;p__Myxococcota;c__Myxococcia	110.0	153.0	68.0	286.0	408.0	309.0	28.0	44.0
d__Bacteria;p__WOR-1;c__WOR-1	338.0	326.0	486.0	950.0	1048.0	1268.0	268.0	164.0
d__Bacteria;p__FCPU426;c__FCPU426	33.0	29.0	36.0	178.0	266.0	141.0	42.0	20.0
d__Bacteria;p__Chloroflexi;c__JG30-KF-CM66	0.0	11.0	13.0	8.0	0.0	11.0	0.0	3.0
d__Bacteria;p__Gemmatimonadota;c__MD2902-B12	84.0	60.0	93.0	0.0	0.0	0.0	0.0	0.0
d__Bacteria;p__Actinobacteriota;c__Acidimicrobiia	28.0	67.0	42.0	219.0	50.0	108.0	39.0	19.0
d__Bacteria;p__Patescibacteria;c__ABY1	97.0	67.0	84.0	421.0	387.0	186.0	23.0	21.0
d__Bacteria;p__Planctomycetota;c__Pla3_lineage	172.0	154.0	194.0	242.0	267.0	457.0	33.0	12.0
d__Bacteria;p__Latescibacterota;c__Latescibacterota	848.0	561.0	839.0	487.0	604.0	729.0	273.0	132.0
d__Bacteria;p__Latescibacterota;c__Latescibacteria	539.0	237.0	523.0	295.0	386.0	169.0	152.0	66.0
d__Bacteria;p__Sumerlaeota;c__Sumerlaeia	170.0	108.0	291.0	75.0	56.0	107.0	24.0	9.0
d__Bacteria;p__Planctomycetota;c__Phycisphaerae	1348.0	1029.0	2054.0	1046.0	953.0	630.0	304.0	162.0
d__Bacteria;p__Actinobacteriota;c__Thermoleophilia	264.0	216.0	426.0	213.0	177.0	239.0	184.0	73.0
d__Bacteria;p__Acidobacteriota;c__Acidobacteriae	1411.0	1244.0	1680.0	3894.0	4173.0	6414.0	699.0	294.0
d__Bacteria;p__Proteobacteria;c__Alphaproteobacteria	1458.0	2477.0	3434.0	4419.0	4454.0	5170.0	5606.0	1684.0
d__Bacteria;p__Spirochaetota;c__Spirochaetia	1529.0	1429.0	1390.0	2298.0	2466.0	1626.0	528.0	441.0
d__Bacteria;p__Desulfobacterota;c__Desulfuromonadia	973.0	1415.0	783.0	1479.0	1405.0	1952.0	396.0	466.0
d__Bacteria;p__Schekmanbacteria;c__Schekmanbacteria	492.0	369.0	441.0	47.0	54.0	37.0	120.0	82.0
d__Bacteria;p__Zixibacteria;c__Zixibacteria	1189.0	1126.0	1355.0	1859.0	1860.0	1584.0	458.0	354.0
d__Bacteria;p__Verrucomicrobiota;c__Kiritimatiellae	0.0	17.0	15.0	243.0	162.0	76.0	8.0	19.0
d__Bacteria;p__Verrucomicrobiota;c__Omnitrophia	563.0	472.0	887.0	1629.0	2257.0	1228.0	365.0	175.0
d__Archaea;p__Nanoarchaeota;c__Nanoarchaeia	1031.0	555.0	994.0	878.0	557.0	157.0	108.0	61.0
d__Archaea;p__Aenigmarchaeota;c__Aenigmarchaeia	36.0	41.0	173.0	84.0	128.0	29.0	14.0	7.0
d__Archaea;p__Euryarchaeota;c__Thermococci	195.0	83.0	160.0	52.0	33.0	35.0	2.0	6.0
d__Bacteria;p__Planctomycetota;c__BD7-11	0.0	9.0	6.0	0.0	10.0	0.0	0.0	0.0
d__Bacteria;p__Verrucomicrobiota;c__Chlamydiae	175.0	151.0	311.0	572.0	784.0	514.0	256.0	82.0
d__Bacteria;p__Desantisbacteria;c__Desantisbacteria	0.0	0.0	0.0	6.0	0.0	4.0	3.0	0.0
d__Bacteria;p__Patescibacteria;c__Saccharimonadia	7.0	17.0	12.0	16.0	7.0	10.0	10.0	13.0
d__Bacteria;p__Actinobacteriota;c__Actinobacteria	96.0	618.0	498.0	3060.0	3796.0	3159.0	2168.0	1661.0
d__Bacteria;p__Patescibacteria;c__WWE3	0.0	2.0	2.0	0.0	0.0	0.0	0.0	0.0
d__Bacteria;p__Bdellovibrionota;c__Bdellovibrionia	115.0	26.0	14.0	34.0	12.0	17.0	0.0	6.0
d__Bacteria;p__TA06;c__TA06	236.0	146.0	384.0	201.0	119.0	85.0	94.0	25.0
d__Bacteria;p__Spirochaetota;c__Leptospirae	434.0	370.0	366.0	1126.0	1268.0	1122.0	242.0	182.0
d__Archaea;p__Iainarchaeota;c__Iainarchaeia	5.0	10.0	0.0	3.0	16.0	2.0	0.0	0.0
d__Bacteria;p__Desulfobacterota;c__Desulfovibrionia	32.0	88.0	97.0	54.0	34.0	140.0	62.0	41.0
d__Bacteria;p__Desulfobacterota;c__Desulfobulbia	177.0	611.0	55.0	15.0	11.0	6.0	0.0	157.0
d__Bacteria;p__Firmicutes;c__Bacilli	1792.0	5724.0	3347.0	4138.0	5338.0	4259.0	2696.0	3346.0
d__Bacteria;p__Desulfobacterota;c__Desulfobacteria	8473.0	8707.0	7389.0	1050.0	976.0	798.0	1491.0	1869.0
d__Bacteria;p__Verrucomicrobiota;c__Lentisphaeria	7.0	9.0	0.0	25.0	20.0	12.0	0.0	7.0
d__Bacteria;p__WS2;c__WS2	29.0	32.0	45.0	21.0	19.0	9.0	0.0	0.0
d__Bacteria;p__Deinococcota;c__Deinococci	0.0	6.0	0.0	0.0	0.0	0.0	0.0	1.0
d__Bacteria;p__Patescibacteria;c__Gracilibacteria	28.0	11.0	0.0	13.0	11.0	6.0	0.0	0.0
d__Bacteria;p__Patescibacteria;__	8.0	6.0	12.0	0.0	0.0	0.0	4.0	2.0
d__Bacteria;p__Patescibacteria;c__Kazania	0.0	3.0	0.0	0.0	0.0	0.0	0.0	0.0
d__Bacteria;p__Thermotogota;c__Thermotogae	2.0	0.0	0.0	0.0	0.0	0.0	0.0	0.0
d__Bacteria;p__uncultured;c__uncultured	0.0	0.0	0.0	6.0	0.0	4.0	0.0	0.0
d__Bacteria;p__Chloroflexi;c__AD3	0.0	20.0	19.0	29.0	40.0	0.0	17.0	5.0
d__Bacteria;p__Patescibacteria;c__Microgenomatia	14.0	14.0	32.0	39.0	36.0	9.0	9.0	4.0
d__Bacteria;p__Elusimicrobiota;c__Lineage_IIa	5.0	13.0	0.0	55.0	107.0	17.0	0.0	5.0
d__Bacteria;p__Elusimicrobiota;c__Lineage_IIc	39.0	0.0	12.0	85.0	45.0	115.0	12.0	11.0
d__Bacteria;p__Elusimicrobiota;c__Elusimicrobia	17.0	36.0	31.0	37.0	57.0	59.0	15.0	8.0
d__Bacteria;p__Campilobacterota;c__Campylobacteria	1374.0	541.0	162.0	35.0	22.0	47.0	23.0	117.0
d__Bacteria;p__Acidobacteriota;c__Thermoanaerobaculia	118.0	326.0	94.0	13.0	0.0	8.0	27.0	113.0
d__Bacteria;p__Planctomycetota;__	83.0	90.0	111.0	44.0	23.0	55.0	9.0	6.0
d__Bacteria;p__Elusimicrobiota;c__Lineage_IIb	7.0	8.0	18.0	76.0	42.0	41.0	9.0	10.0
d__Bacteria;p__Elusimicrobiota;c__Endomicrobia	16.0	13.0	10.0	70.0	76.0	64.0	11.0	3.0
d__Bacteria;p__Elusimicrobiota;__	0.0	0.0	0.0	3.0	0.0	0.0	0.0	0.0
d__Bacteria;p__Spirochaetota;c__Brevinematia	49.0	69.0	45.0	336.0	148.0	113.0	43.0	45.0
d__Bacteria;p__Acidobacteriota;c__Subgroup_22	51.0	126.0	97.0	66.0	30.0	64.0	6.0	34.0
d__Bacteria;p__Bacteroidota;c__Kryptonia	2112.0	2244.0	2757.0	10940.0	9061.0	8327.0	1359.0	828.0
d__Bacteria;p__Cyanobacteria;c__Cyanobacteriia	228.0	523.0	86.0	272.0	78.0	74.0	53.0	241.0
d__Bacteria;p__WPS-2;c__WPS-2	0.0	7.0	4.0	23.0	46.0	30.0	5.0	8.0
d__Bacteria;p__Firmicutes;__	6.0	27.0	21.0	32.0	4.0	3.0	3.0	0.0
d__Bacteria;p__Patescibacteria;c__CPR2	0.0	0.0	0.0	8.0	9.0	0.0	0.0	0.0
d__Bacteria;p__Chloroflexi;__	37.0	17.0	24.0	118.0	101.0	22.0	12.0	0.0
d__Bacteria;p__Acetothermia;c__Acetothermiia	5.0	7.0	6.0	15.0	15.0	10.0	0.0	0.0
d__Bacteria;p__Caldisericota;c__Caldisericia	0.0	0.0	0.0	27.0	18.0	15.0	8.0	3.0
d__Bacteria;p__Fusobacteriota;c__Fusobacteriia	0.0	14.0	27.0	38.0	112.0	22.0	22.0	32.0
d__Bacteria;p__Patescibacteria;c__Berkelbacteria	0.0	0.0	8.0	4.0	11.0	3.0	5.0	2.0
d__Bacteria;p__Cyanobacteria;c__Sericytochromatia	36.0	31.0	39.0	7.0	111.0	34.0	0.0	0.0
d__Archaea;p__Crenarchaeota;c__Bathyarchaeia	5770.0	2697.0	3315.0	4039.0	4192.0	3048.0	317.0	371.0
d__Bacteria;p__Actinobacteriota;c__Coriobacteriia	35.0	82.0	98.0	138.0	536.0	162.0	112.0	77.0
d__Bacteria;p__Chloroflexi;c__SHA-26	10.0	15.0	9.0	9.0	34.0	7.0	7.0	0.0
d__Bacteria;p__Margulisbacteria;c__Margulisbacteria	0.0	2.0	0.0	11.0	3.0	9.0	2.0	0.0
d__Bacteria;p__Chloroflexi;c__Ktedonobacteria	36.0	35.0	22.0	257.0	331.0	65.0	55.0	21.0
d__Bacteria;p__SAR324_clade(Marine_group_B);c__SAR324_clade(Marine_group_B)	377.0	409.0	328.0	932.0	982.0	870.0	167.0	178.0
d__Bacteria;p__Bdellovibrionota;c__Oligoflexia	133.0	159.0	141.0	84.0	215.0	185.0	17.0	10.0
d__Bacteria;p__Proteobacteria;__	0.0	0.0	13.0	0.0	0.0	3.0	0.0	8.0
d__Bacteria;p__Desulfobacterota;c__Desulfobaccia	92.0	64.0	100.0	84.0	63.0	91.0	35.0	42.0
d__Bacteria;p__NB1-j;c__NB1-j	37.0	107.0	27.0	0.0	0.0	0.0	0.0	6.0
d__Bacteria;p__FW113;c__FW113	0.0	7.0	0.0	0.0	0.0	0.0	0.0	0.0
d__Bacteria;p__Elusimicrobiota;c__Rs-M47	0.0	6.0	0.0	13.0	17.0	5.0	0.0	2.0
d__Bacteria;p__Desulfobacterota;c__Syntrophobacteria	1644.0	1671.0	1611.0	660.0	594.0	463.0	392.0	381.0
d__Bacteria;p__Acidobacteriota;c__AT-s3-28	0.0	28.0	38.0	5.0	0.0	0.0	0.0	0.0
d__Bacteria;p__Acidobacteriota;c__Holophagae	18.0	33.0	46.0	87.0	32.0	96.0	60.0	41.0
d__Bacteria;p__Desulfobacterota;__	17.0	11.0	19.0	11.0	0.0	0.0	0.0	0.0
d__Bacteria;p__Desulfobacterota;c__uncultured	2006.0	1364.0	1811.0	4687.0	5297.0	4443.0	983.0	636.0
d__Bacteria;p__Sva0485;c__Sva0485	4723.0	3811.0	4479.0	10420.0	11597.0	10485.0	2344.0	1655.0
d__Bacteria;p__Nitrospirota;c__Nitrospiria	12.0	33.0	28.0	10.0	9.0	124.0	9.0	14.0
d__Bacteria;p__Chloroflexi;c__TK10	0.0	8.0	0.0	0.0	0.0	0.0	0.0	3.0
d__Bacteria;p__Firmicutes;c__Negativicutes	128.0	206.0	572.0	1151.0	4558.0	1203.0	1079.0	425.0
d__Bacteria;p__MBNT15;c__MBNT15	281.0	229.0	128.0	63.0	55.0	82.0	30.0	46.0
d__Bacteria;p__Desulfobacterota;c__Desulfomonilia	53.0	33.0	34.0	99.0	99.0	45.0	23.0	0.0
d__Bacteria;p__Myxococcota;c__bacteriap25	92.0	85.0	61.0	159.0	142.0	107.0	44.0	27.0
d__Bacteria;p__Methylomirabilota;c__Methylomirabilia	255.0	141.0	172.0	524.0	565.0	1008.0	134.0	45.0
d__Bacteria;p__DTB120;c__DTB120	340.0	292.0	321.0	70.0	147.0	17.0	10.0	9.0
d__Bacteria;p__Armatimonadota;c__Chthonomonadetes	0.0	3.0	14.0	21.0	24.0	30.0	4.0	9.0
d__Bacteria;p__Armatimonadota;c__Armatimonadia	0.0	0.0	0.0	0.0	0.0	5.0	0.0	0.0
d__Bacteria;p__Armatimonadota;c__uncultured	53.0	93.0	184.0	242.0	468.0	193.0	89.0	29.0
d__Bacteria;p__Armatimonadota;__	0.0	0.0	0.0	0.0	18.0	0.0	0.0	0.0
d__Bacteria;p__Marinimicrobia_(SAR406_clade);c__Marinimicrobia_(SAR406_clade)	0.0	39.0	43.0	9.0	0.0	0.0	14.0	17.0
d__Bacteria;p__LCP-89;c__LCP-89	627.0	440.0	768.0	361.0	246.0	142.0	236.0	73.0
d__Bacteria;p__Gemmatimonadota;c__Gemmatimonadetes	41.0	191.0	86.0	15.0	12.0	18.0	25.0	58.0
d__Bacteria;p__Calditrichota;c__Calditrichia	1628.0	1891.0	1566.0	38.0	32.0	20.0	266.0	444.0
d__Bacteria;p__Armatimonadota;c__DG-56	59.0	76.0	88.0	84.0	103.0	171.0	18.0	0.0
d__Bacteria;p__Firmicutes;c__Desulfitobacteriia	0.0	4.0	0.0	18.0	0.0	0.0	0.0	0.0
d__Bacteria;p__Gemmatimonadota;c__BD2-11_terrestrial_group	117.0	317.0	52.0	12.0	0.0	0.0	0.0	87.0
d__Bacteria;p__Bacteroidota;c__Kapabacteria	22.0	29.0	33.0	91.0	92.0	59.0	16.0	13.0
d__Bacteria;p__CK-2C2-2;c__CK-2C2-2	61.0	52.0	70.0	0.0	0.0	0.0	17.0	13.0
d__Bacteria;p__Bacteroidota;c__SJA-28	227.0	210.0	227.0	1056.0	913.0	1200.0	176.0	149.0
d__Bacteria;p__Bacteroidota;__	0.0	0.0	0.0	15.0	0.0	0.0	0.0	0.0
d__Bacteria;p__Edwardsbacteria;c__Edwardsbacteria	0.0	0.0	8.0	3.0	5.0	0.0	5.0	0.0
d__Bacteria;p__Bacteroidota;c__Rhodothermia	7.0	34.0	0.0	10.0	20.0	0.0	0.0	0.0
d__Bacteria;p__Actinobacteriota;c__RBG-16-55-12	55.0	49.0	36.0	4.0	22.0	0.0	29.0	9.0
d__Bacteria;p__Actinobacteriota;__	0.0	0.0	0.0	15.0	12.0	39.0	0.0	0.0
d__Bacteria;p__Actinobacteriota;c__WCHB1-81	37.0	16.0	52.0	32.0	46.0	12.0	21.0	13.0
d__Bacteria;p__Cyanobacteria;c__Vampirivibrionia	0.0	0.0	0.0	27.0	17.0	20.0	4.0	0.0
d__Bacteria;p__Fermentibacterota;c__Fermentibacteria	0.0	7.0	0.0	0.0	0.0	0.0	0.0	4.0
d__Bacteria;p__Firmicutes;c__Desulfotomaculia	63.0	12.0	22.0	0.0	0.0	0.0	0.0	0.0
d__Bacteria;p__Bacteroidota;c__Ignavibacteria	263.0	542.0	283.0	633.0	631.0	1141.0	209.0	275.0
d__Bacteria;p__Cloacimonadota;c__Cloacimonadia	0.0	9.0	0.0	113.0	15.0	17.0	3.0	0.0
d__Bacteria;p__GN01;c__GN01	49.0	54.0	62.0	122.0	169.0	128.0	43.0	27.0
d__Bacteria;p__WS1;c__WS1	0.0	12.0	6.0	9.0	0.0	5.0	0.0	0.0
d__Bacteria;p__Firmicutes;c__Thermoanaerobacteria	0.0	8.0	0.0	0.0	0.0	0.0	0.0	5.0
d__Bacteria;p__Firmicutes;c__Syntrophomonadia	30.0	10.0	39.0	10.0	0.0	3.0	7.0	14.0
d__Bacteria;p__Armatimonadota;c__Fimbriimonadia	22.0	17.0	17.0	70.0	35.0	96.0	11.0	3.0
d__Bacteria;p__Firmicutes;c__BRH-c20a	0.0	0.0	0.0	0.0	6.0	0.0	0.0	0.0
d__Bacteria;p__Acidobacteriota;c__Blastocatellia	5.0	11.0	7.0	5.0	3.0	19.0	6.0	14.0
d__Bacteria;p__Synergistota;c__Synergistia	0.0	0.0	0.0	3.0	0.0	14.0	0.0	5.0
d__Bacteria;p__Firmicutes;c__Limnochordia	47.0	0.0	21.0	141.0	214.0	25.0	25.0	17.0
d__Bacteria;p__Caldatribacteriota;c__JS1	8.0	17.0	15.0	0.0	0.0	0.0	4.0	0.0
d__Bacteria;p__Firmicutes;c__Incertae_Sedis	0.0	0.0	0.0	6.0	0.0	0.0	0.0	0.0
d__Bacteria;p__Chloroflexi;c__Chloroflexia	0.0	0.0	2.0	0.0	3.0	0.0	0.0	0.0
d__Bacteria;p__Spirochaetota;c__MVP-15	3.0	0.0	0.0	11.0	0.0	0.0	0.0	4.0
d__Bacteria;p__Fibrobacterota;c__Chitinivibrionia	50.0	70.0	108.0	163.0	207.0	79.0	32.0	30.0
d__Bacteria;p__Chloroflexi;c__OLB14	0.0	0.0	0.0	5.0	9.0	26.0	3.0	0.0
d__Bacteria;p__GAL15;c__GAL15	0.0	0.0	16.0	9.0	10.0	6.0	30.0	4.0
d__Bacteria;p__Halanaerobiaeota;c__Halanaerobiia	36.0	36.0	36.0	50.0	58.0	38.0	18.0	0.0
d__Bacteria;p__Chloroflexi;c__KD4-96	126.0	117.0	112.0	305.0	300.0	381.0	49.0	33.0
d__Bacteria;p__Abditibacteriota;c__Abditibacteria	0.0	4.0	0.0	0.0	15.0	0.0	0.0	0.0
d__Bacteria;p__Bacteria;c__Bacteria	0.0	0.0	0.0	0.0	10.0	9.0	0.0	0.0
d__Bacteria;p__Firmicutes;c__Symbiobacteriia	0.0	0.0	0.0	0.0	0.0	4.0	0.0	0.0
d__Bacteria;p__Hydrogenedentes;c__Hydrogenedentia	12.0	14.0	14.0	76.0	61.0	61.0	0.0	0.0
d__Bacteria;p__Fibrobacterota;c__Fibrobacteria	109.0	137.0	185.0	378.0	454.0	409.0	98.0	46.0
d__Bacteria;p__RCP2-54;c__RCP2-54	0.0	16.0	5.0	16.0	0.0	0.0	0.0	5.0
d__Bacteria;p__Desulfobacterota;c__Dissulfuribacteria	12.0	9.0	0.0	0.0	0.0	0.0	0.0	10.0
d__Bacteria;p__Acidobacteriota;c__c5LKS83	0.0	8.0	0.0	0.0	0.0	0.0	0.0	0.0
d__Bacteria;p__Deferrisomatota;c__Defferrisomatia	28.0	94.0	0.0	7.0	9.0	16.0	0.0	11.0
d__Bacteria;p__Gemmatimonadota;c__PAUC43f_marine_benthic_group	37.0	56.0	15.0	0.0	0.0	0.0	0.0	19.0
d__Bacteria;p__Poribacteria;c__Poribacteria	204.0	176.0	818.0	49.0	42.0	34.0	205.0	8.0
d__Bacteria;p__Acidobacteriota;c__Subgroup_26	3.0	4.0	0.0	0.0	0.0	0.0	0.0	0.0
d__Bacteria;p__Planctomycetota;c__SPG12-343-353-B69	0.0	0.0	7.0	0.0	0.0	0.0	0.0	5.0
d__Bacteria;p__Nitrospirota;c__Thermodesulfovibrionia	1533.0	865.0	1110.0	883.0	641.0	839.0	265.0	169.0
d__Bacteria;p__Desulfobacterota;c__Syntrophia	1347.0	1115.0	1212.0	5124.0	5059.0	3976.0	900.0	604.0
d__Bacteria;p__Gemmatimonadota;c__S0134_terrestrial_group	5.0	12.0	6.0	0.0	0.0	0.0	0.0	0.0
d__Bacteria;p__Planctomycetota;c__Brocadiae	2.0	0.0	0.0	0.0	0.0	0.0	0.0	0.0
d__Bacteria;p__Entotheonellaeota;c__Entotheonellia	0.0	11.0	11.0	4.0	3.0	9.0	10.0	4.0
d__Bacteria;p__Firestonebacteria;c__Firestonebacteria	7.0	0.0	8.0	66.0	120.0	99.0	14.0	5.0
d__Bacteria;p__Elusimicrobiota;c__4-29	2.0	0.0	0.0	0.0	0.0	0.0	0.0	0.0
d__Bacteria;p__Modulibacteria;c__Moduliflexia	56.0	119.0	28.0	0.0	0.0	0.0	0.0	15.0
d__Bacteria;p__Gemmatimonadota;c__Longimicrobia	0.0	4.0	0.0	0.0	0.0	0.0	0.0	0.0
d__Bacteria;p__NKB15;c__NKB15	148.0	207.0	160.0	307.0	353.0	273.0	26.0	56.0
d__Bacteria;p__Acidobacteriota;c__Vicinamibacteria	113.0	240.0	325.0	316.0	320.0	391.0	297.0	97.0
d__Bacteria;p__Acidobacteriota;c__Subgroup_11	39.0	54.0	59.0	19.0	28.0	131.0	9.0	5.0
d__Bacteria;p__AncK6;c__AncK6	14.0	0.0	7.0	48.0	33.0	30.0	5.0	8.0
d__Bacteria;p__Acidobacteriota;c__Subgroup_21	58.0	93.0	48.0	0.0	0.0	0.0	9.0	30.0
d__Bacteria;p__Proteobacteria;c__Magnetococcia	0.0	4.0	0.0	0.0	0.0	0.0	0.0	0.0
d__Bacteria;p__Acidobacteriota;c__Subgroup_18	1698.0	1531.0	2336.0	3859.0	4178.0	5206.0	853.0	463.0
d__Bacteria;p__Desulfobacterota;c__Syntrophorhabdia	454.0	495.0	564.0	1898.0	1725.0	1571.0	296.0	186.0
d__Bacteria;p__Acidobacteriota;c__Subgroup_5	14.0	20.0	8.0	45.0	32.0	76.0	15.0	16.0
d__Bacteria;p__Nitrospinota;c__P9X2b3D02	14.0	0.0	0.0	0.0	0.0	0.0	0.0	0.0
d__Bacteria;p__Acidobacteriota;c__Acidobacteriota	64.0	65.0	69.0	128.0	129.0	34.0	27.0	0.0
d__Bacteria;p__Spirochaetota;c__V2072-189E03	0.0	0.0	0.0	14.0	15.0	3.0	0.0	0.0
d__Bacteria;p__TX1A-33;c__TX1A-33	7.0	0.0	0.0	6.0	12.0	7.0	0.0	0.0
d__Bacteria;p__Acidobacteriota;__	0.0	0.0	0.0	16.0	51.0	25.0	0.0	0.0
d__Bacteria;p__Deferribacterota;c__Deferribacteres	0.0	22.0	10.0	14.0	14.0	16.0	15.0	20.0
d__Archaea;__;__	1650.0	849.0	1344.0	112.0	145.0	7.0	24.0	46.0
d__Archaea;p__Asgardarchaeota;c__Lokiarchaeia	855.0	597.0	1439.0	427.0	362.0	93.0	76.0	83.0
d__Bacteria;p__PAUC34f;c__PAUC34f	17.0	16.0	34.0	41.0	16.0	8.0	2.0	0.0
d__Bacteria;p__Proteobacteria;c__Zetaproteobacteria	0.0	9.0	0.0	0.0	0.0	0.0	0.0	0.0
d__Bacteria;p__Nitrospirota;c__4-29-1	528.0	493.0	500.0	2496.0	1716.0	2240.0	330.0	255.0
d__Bacteria;p__Nitrospirota;c__Leptospirillia	4.0	0.0	11.0	8.0	0.0	15.0	5.0	4.0
d__Bacteria;p__Proteobacteria;c__Proteobacteria	0.0	10.0	0.0	0.0	0.0	0.0	0.0	0.0
d__Archaea;p__Micrarchaeota;c__Micrarchaeia	26.0	37.0	87.0	76.0	22.0	28.0	15.0	0.0
d__Eukaryota;__;__	0.0	8.0	0.0	0.0	3.0	0.0	0.0	0.0
d__Archaea;p__Halobacterota;c__Archaeoglobi	5.0	2.0	5.0	0.0	0.0	0.0	0.0	0.0
d__Archaea;p__Thermoplasmatota;c__Thermoplasmata	2147.0	1913.0	2810.0	4400.0	2919.0	918.0	418.0	243.0
d__Archaea;p__Aenigmarchaeota;c__Deep_Sea_Euryarchaeotic_Group(DSEG)	130.0	77.0	121.0	410.0	205.0	117.0	33.0	28.0
d__Archaea;p__Halobacterota;__	6.0	0.0	4.0	0.0	0.0	0.0	0.0	0.0
d__Archaea;p__Asgardarchaeota;c__Odinarchaeia	61.0	66.0	69.0	0.0	0.0	0.0	0.0	0.0
d__Archaea;p__Asgardarchaeota;c__Heimdallarchaeia	0.0	0.0	10.0	0.0	0.0	0.0	0.0	0.0
d__Archaea;p__Altiarchaeota;c__Altiarchaeia	43.0	50.0	59.0	192.0	121.0	60.0	26.0	4.0
d__Archaea;p__Halobacterota;c__Methanosarcinia	756.0	303.0	440.0	766.0	380.0	709.0	86.0	37.0
d__Archaea;p__Euryarchaeota;c__Methanobacteria	68.0	53.0	71.0	324.0	159.0	144.0	129.0	2.0
d__Archaea;p__Thermoplasmatota;c__Thermoplasmatota	31.0	12.0	8.0	0.0	0.0	0.0	0.0	0.0
d__Archaea;p__Asgardarchaeota;c__Asgardarchaeota	15.0	9.0	5.0	0.0	0.0	0.0	2.0	0.0
d__Archaea;p__Crenarchaeota;c__Nitrososphaeria	285.0	130.0	155.0	739.0	437.0	226.0	70.0	61.0
d__Archaea;p__Euryarchaeota;__	3.0	2.0	0.0	0.0	0.0	0.0	0.0	0.0
d__Archaea;p__Crenarchaeota;c__Methanomethylicia	7.0	0.0	0.0	0.0	0.0	9.0	0.0	0.0
d__Archaea;p__Asgardarchaeota;__	38.0	0.0	14.0	0.0	0.0	0.0	0.0	0.0
d__Archaea;p__Halobacterota;c__Methanomicrobia	3469.0	541.0	787.0	2303.0	1609.0	1616.0	126.0	104.0
d__Archaea;p__Hydrothermarchaeota;c__Hydrothermarchaeia	8.0	0.0	9.0	0.0	0.0	0.0	0.0	0.0
d__Archaea;p__Halobacterota;c__ANME-1	72.0	8.0	21.0	0.0	0.0	0.0	7.0	0.0
d__Archaea;p__Halobacterota;c__Methanocellia	59.0	20.0	67.0	128.0	147.0	112.0	55.0	0.0
d__Archaea;p__Hadarchaeota;c__Hadarchaeia	3.0	0.0	0.0	0.0	0.0	0.0	0.0	0.0
d__Archaea;p__Aenigmarchaeota;__	3.0	0.0	0.0	2.0	0.0	3.0	0.0	0.0