# Constructed from biom file
#OTU ID	I1	I2	I3	S1	S2	S3	V1	V2
Unassigned;__;__;__;__	232.0	591.0	466.0	65.0	269.0	567.0	992.0	2800.0
d__Bacteria;p__Proteobacteria;c__Gammaproteobacteria;o__KI89A_clade;f__KI89A_clade	19.0	54.0	0.0	0.0	0.0	0.0	0.0	13.0
d__Bacteria;p__Acidobacteriota;c__Aminicenantia;o__Aminicenantales;f__Aminicenantales	740.0	820.0	1260.0	1151.0	1908.0	1203.0	492.0	278.0
d__Bacteria;p__Dadabacteria;c__Dadabacteriia;o__Dadabacteriales;f__Dadabacteriales	0.0	0.0	0.0	9.0	0.0	0.0	0.0	0.0
d__Bacteria;p__Bacteroidota;c__Bacteroidia;o__Chitinophagales;f__Saprospiraceae	96.0	275.0	6.0	16.0	32.0	10.0	4.0	87.0
d__Bacteria;p__Firmicutes;c__Clostridia;o__Peptostreptococcales-Tissierellales;f__Peptostreptococcales-Tissierellales	0.0	22.0	0.0	107.0	363.0	79.0	40.0	42.0
d__Bacteria;p__Chloroflexi;c__Anaerolineae;o__SJA-15;f__SJA-15	7.0	0.0	7.0	9.0	0.0	13.0	3.0	0.0
d__Bacteria;p__Chloroflexi;c__Anaerolineae;o__Anaerolineales;f__Anaerolineaceae	5027.0	5059.0	3713.0	8483.0	9151.0	7848.0	1679.0	1499.0
d__Bacteria;p__Chloroflexi;c__Anaerolineae;o__SBR1031;f__A4b	347.0	167.0	143.0	32.0	39.0	9.0	18.0	40.0
d__Bacteria;__;__;__;__	1098.0	1088.0	932.0	1531.0	1523.0	1248.0	408.0	326.0
d__Bacteria;p__Chloroflexi;c__Dehalococcoidia;__;__	1005.0	521.0	1085.0	267.0	402.0	252.0	283.0	114.0
d__Bacteria;p__Chloroflexi;c__Dehalococcoidia;o__RBG-13-46-9;f__RBG-13-46-9	334.0	181.0	241.0	182.0	204.0	156.0	58.0	75.0
d__Bacteria;p__Chloroflexi;c__Anaerolineae;o__MSB-5E12;f__MSB-5E12	0.0	8.0	0.0	0.0	0.0	0.0	0.0	0.0
d__Bacteria;p__Chloroflexi;c__Dehalococcoidia;o__GIF9;f__GIF9	273.0	135.0	210.0	196.0	224.0	97.0	59.0	42.0
d__Bacteria;p__Patescibacteria;c__Parcubacteria;o__Paceibacterales;f__Paceibacteraceae	0.0	0.0	7.0	0.0	7.0	0.0	0.0	0.0
d__Bacteria;p__Chloroflexi;c__Anaerolineae;o__SBR1031;f__SBR1031	3086.0	2037.0	1689.0	102.0	98.0	286.0	272.0	440.0
d__Bacteria;p__Dependentiae;c__Babeliae;o__Babeliales;f__Babeliales	151.0	146.0	315.0	467.0	644.0	382.0	253.0	85.0
d__Bacteria;p__Dependentiae;c__Babeliae;o__Babeliales;f__Vermiphilaceae	26.0	35.0	29.0	128.0	140.0	74.0	17.0	9.0
d__Bacteria;p__Planctomycetota;c__Planctomycetes;o__Pirellulales;f__Pirellulaceae	47.0	73.0	13.0	113.0	101.0	66.0	16.0	0.0
d__Bacteria;p__Planctomycetota;c__Planctomycetes;o__Planctomycetales;f__uncultured	0.0	4.0	0.0	30.0	34.0	69.0	3.0	0.0
d__Bacteria;p__Planctomycetota;c__Planctomycetes;o__Planctomycetales;f__Gimesiaceae	0.0	0.0	0.0	0.0	0.0	0.0	0.0	3.0
d__Bacteria;p__Dependentiae;c__Babeliae;o__Babeliales;f__UBA12409	0.0	0.0	4.0	0.0	3.0	0.0	0.0	0.0
d__Bacteria;p__Dependentiae;c__Babeliae;o__Babeliales;__	0.0	8.0	17.0	12.0	34.0	13.0	25.0	0.0
d__Bacteria;p__Chloroflexi;c__Dehalococcoidia;o__GIF9;f__AB-539-J10	615.0	485.0	1211.0	0.0	0.0	0.0	250.0	127.0
d__Bacteria;p__Verrucomicrobiota;c__Verrucomicrobiae;o__Verrucomicrobiales;f__DEV007	0.0	0.0	2.0	7.0	0.0	0.0	0.0	0.0
d__Bacteria;p__Planctomycetota;c__Pla4_lineage;o__Pla4_lineage;f__Pla4_lineage	65.0	46.0	34.0	75.0	118.0	95.0	21.0	12.0
d__Bacteria;p__Myxococcota;c__Polyangia;o__PS-B29;f__PS-B29	20.0	66.0	11.0	0.0	0.0	0.0	0.0	15.0
d__Bacteria;p__Spirochaetota;c__Brachyspirae;o__Brachyspirales;f__Brachyspirales_Incertae_Sedis	0.0	0.0	0.0	17.0	0.0	0.0	0.0	0.0
d__Bacteria;p__Planctomycetota;c__vadinHA49;o__vadinHA49;f__vadinHA49	30.0	54.0	36.0	32.0	15.0	67.0	18.0	7.0
d__Bacteria;p__Myxococcota;c__Polyangia;o__VHS-B4-70;f__VHS-B4-70	0.0	26.0	16.0	0.0	0.0	0.0	0.0	0.0
d__Bacteria;p__Myxococcota;c__Polyangia;o__Haliangiales;f__Haliangiaceae	63.0	70.0	65.0	232.0	187.0	319.0	38.0	43.0
d__Bacteria;p__Myxococcota;c__Polyangia;__;__	4.0	0.0	0.0	0.0	12.0	9.0	0.0	8.0
d__Bacteria;p__Myxococcota;c__Polyangia;o__Nannocystales;f__Nannocystaceae	0.0	5.0	0.0	0.0	0.0	0.0	0.0	0.0
d__Bacteria;p__Myxococcota;c__Polyangia;o__UASB-TL25;f__UASB-TL25	3.0	24.0	54.0	42.0	64.0	108.0	32.0	25.0
d__Bacteria;p__Planctomycetota;c__OM190;o__OM190;f__OM190	74.0	115.0	88.0	12.0	34.0	35.0	15.0	42.0
d__Bacteria;p__Myxococcota;__;__;__	0.0	3.0	7.0	46.0	46.0	4.0	0.0	0.0
d__Bacteria;p__Myxococcota;c__Polyangia;o__Polyangiales;f__Sandaracinaceae	113.0	142.0	124.0	39.0	34.0	35.0	32.0	21.0
d__Bacteria;p__Myxococcota;c__Polyangia;o__mle1-27;f__mle1-27	42.0	37.0	34.0	64.0	76.0	69.0	10.0	16.0
d__Bacteria;p__Myxococcota;c__Polyangia;o__Polyangiales;f__Polyangiaceae	353.0	171.0	237.0	253.0	191.0	161.0	104.0	58.0
d__Bacteria;p__Myxococcota;c__Myxococcia;o__Myxococcales;f__Myxococcaceae	60.0	118.0	33.0	109.0	143.0	186.0	3.0	37.0
d__Bacteria;p__WOR-1;c__WOR-1;o__WOR-1;f__WOR-1	338.0	326.0	486.0	950.0	1048.0	1268.0	268.0	164.0
d__Bacteria;p__FCPU426;c__FCPU426;o__FCPU426;f__FCPU426	33.0	29.0	36.0	178.0	266.0	141.0	42.0	20.0
d__Bacteria;p__Chloroflexi;c__JG30-KF-CM66;o__JG30-KF-CM66;f__JG30-KF-CM66	0.0	11.0	13.0	8.0	0.0	11.0	0.0	3.0
d__Bacteria;p__Gemmatimonadota;c__MD2902-B12;o__MD2902-B12;f__MD2902-B12	84.0	60.0	93.0	0.0	0.0	0.0	0.0	0.0
d__Bacteria;p__Actinobacteriota;c__Acidimicrobiia;o__Actinomarinales;f__uncultured	14.0	37.0	0.0	0.0	0.0	0.0	0.0	12.0
d__Bacteria;p__Patescibacteria;c__ABY1;o__Candidatus_Magasanikbacteria;f__Candidatus_Magasanikbacteria	92.0	53.0	74.0	358.0	329.0	180.0	19.0	18.0
d__Bacteria;p__Planctomycetota;c__Pla3_lineage;o__Pla3_lineage;f__Pla3_lineage	172.0	154.0	194.0	242.0	267.0	457.0	33.0	12.0
d__Bacteria;p__Latescibacterota;c__Latescibacterota;o__Latescibacterota;f__Latescibacterota	848.0	561.0	839.0	487.0	604.0	729.0	273.0	132.0
d__Bacteria;p__Myxococcota;c__Polyangia;o__MidBa8;f__MidBa8	57.0	76.0	39.0	22.0	0.0	11.0	0.0	0.0
d__Bacteria;p__Myxococcota;c__Polyangia;o__Polyangiales;f__BIrii41	56.0	38.0	59.0	28.0	46.0	29.0	31.0	0.0
d__Bacteria;p__Myxococcota;c__Polyangia;o__Polyangiales;f__Eel-36e1D6	0.0	10.0	0.0	0.0	10.0	23.0	0.0	0.0
d__Bacteria;p__Latescibacterota;c__Latescibacteria;o__Latescibacterales;f__Latescibacteraceae	539.0	237.0	523.0	295.0	386.0	169.0	152.0	66.0
d__Bacteria;p__Sumerlaeota;c__Sumerlaeia;o__Sumerlaeales;f__Sumerlaeaceae	33.0	19.0	26.0	69.0	56.0	107.0	8.0	6.0
d__Bacteria;p__Planctomycetota;c__Phycisphaerae;o__CCM11a;f__CCM11a	159.0	179.0	82.0	9.0	0.0	5.0	12.0	30.0
d__Bacteria;p__Planctomycetota;c__Planctomycetes;o__Gemmatales;f__Gemmataceae	0.0	6.0	12.0	7.0	3.0	12.0	13.0	0.0
d__Bacteria;p__Actinobacteriota;c__Thermoleophilia;o__Solirubrobacterales;f__Solirubrobacteraceae	11.0	14.0	19.0	0.0	7.0	0.0	16.0	0.0
d__Bacteria;p__Planctomycetota;c__Phycisphaerae;o__MSBL9;f__GWC2-45-44	4.0	0.0	10.0	41.0	36.0	50.0	0.0	0.0
d__Bacteria;p__Acidobacteriota;c__Acidobacteriae;o__Elev-16S-1166;f__Elev-16S-1166	0.0	0.0	0.0	3.0	0.0	0.0	0.0	0.0
d__Bacteria;p__Proteobacteria;c__Alphaproteobacteria;o__Parvibaculales;f__OCS116_clade	0.0	0.0	0.0	13.0	0.0	0.0	0.0	0.0
d__Bacteria;p__Myxococcota;c__Polyangia;o__Polyangiales;f__Phaselicystidaceae	27.0	19.0	19.0	62.0	59.0	66.0	7.0	0.0
d__Bacteria;p__Spirochaetota;c__Spirochaetia;o__Spirochaetales;f__Spirochaetaceae	1529.0	1429.0	1390.0	2298.0	2466.0	1626.0	528.0	441.0
d__Bacteria;p__Desulfobacterota;c__Desulfuromonadia;o__Sva1033;f__Sva1033	72.0	255.0	26.0	0.0	0.0	0.0	0.0	93.0
d__Bacteria;p__Schekmanbacteria;c__Schekmanbacteria;o__Schekmanbacteria;f__Schekmanbacteria	492.0	369.0	441.0	47.0	54.0	37.0	120.0	82.0
d__Bacteria;p__Proteobacteria;c__Gammaproteobacteria;o__Burkholderiales;f__Burkholderiaceae	244.0	432.0	282.0	235.0	642.0	564.0	112.0	135.0
d__Bacteria;p__Zixibacteria;c__Zixibacteria;o__Zixibacteria;f__Zixibacteria	1189.0	1126.0	1355.0	1859.0	1860.0	1584.0	458.0	354.0
d__Bacteria;p__Verrucomicrobiota;c__Kiritimatiellae;o__Kiritimatiellales;f__Kiritimatiellaceae	0.0	8.0	7.0	0.0	0.0	0.0	0.0	0.0
d__Bacteria;p__Verrucomicrobiota;c__Omnitrophia;o__Omnitrophales;f__Omnitrophaceae	549.0	450.0	854.0	1584.0	2226.0	1216.0	361.0	171.0
d__Archaea;p__Nanoarchaeota;c__Nanoarchaeia;o__Woesearchaeales;f__Woesearchaeales	874.0	462.0	905.0	297.0	265.0	72.0	86.0	45.0
d__Archaea;p__Nanoarchaeota;c__Nanoarchaeia;o__Woesearchaeales;f__SCGC_AAA011-D5	96.0	54.0	31.0	59.0	23.0	24.0	3.0	0.0
d__Archaea;p__Aenigmarchaeota;c__Aenigmarchaeia;o__Aenigmarchaeales;f__Aenigmarchaeales	36.0	41.0	173.0	84.0	128.0	29.0	14.0	7.0
d__Archaea;p__Euryarchaeota;c__Thermococci;o__Methanofastidiosales;f__uncultured	187.0	73.0	150.0	11.0	0.0	0.0	2.0	3.0
d__Bacteria;p__Planctomycetota;c__BD7-11;o__BD7-11;f__BD7-11	0.0	9.0	6.0	0.0	10.0	0.0	0.0	0.0
d__Archaea;p__Euryarchaeota;c__Thermococci;o__Thermococcales;f__Thermococcaceae	8.0	10.0	10.0	41.0	33.0	35.0	0.0	3.0
d__Bacteria;p__Verrucomicrobiota;c__Chlamydiae;o__Chlamydiales;__	50.0	26.0	64.0	100.0	120.0	98.0	62.0	16.0
d__Bacteria;p__Verrucomicrobiota;c__Chlamydiae;o__Chlamydiales;f__Parachlamydiaceae	11.0	4.0	14.0	60.0	84.0	47.0	19.0	4.0
d__Bacteria;p__Verrucomicrobiota;c__Chlamydiae;o__Chlamydiales;f__Chlamydiaceae	0.0	0.0	0.0	8.0	31.0	0.0	0.0	0.0
d__Bacteria;p__Proteobacteria;c__Gammaproteobacteria;__;__	1393.0	1011.0	282.0	99.0	61.0	70.0	26.0	127.0
d__Bacteria;p__Proteobacteria;c__Gammaproteobacteria;o__Burkholderiales;f__T34	0.0	0.0	0.0	3.0	5.0	4.0	0.0	0.0
d__Bacteria;p__Verrucomicrobiota;c__Chlamydiae;o__Chlamydiales;f__Simkaniaceae	61.0	37.0	59.0	141.0	164.0	94.0	13.0	0.0
d__Bacteria;p__Patescibacteria;c__Parcubacteria;o__Candidatus_Kaiserbacteria;f__Candidatus_Kaiserbacteria	0.0	0.0	0.0	3.0	0.0	0.0	0.0	0.0
d__Bacteria;p__Desantisbacteria;c__Desantisbacteria;o__Desantisbacteria;f__Desantisbacteria	0.0	0.0	0.0	6.0	0.0	4.0	3.0	0.0
d__Bacteria;p__Patescibacteria;c__Saccharimonadia;o__Saccharimonadales;f__Saccharimonadaceae	0.0	8.0	0.0	0.0	0.0	0.0	0.0	8.0
d__Bacteria;p__Patescibacteria;c__Saccharimonadia;o__Saccharimonadales;f__Saccharimonadales	7.0	9.0	0.0	6.0	0.0	7.0	0.0	0.0
d__Bacteria;p__Chloroflexi;c__Dehalococcoidia;o__Dehalococcoidales;f__uncultured	160.0	80.0	105.0	317.0	277.0	157.0	80.0	28.0
d__Bacteria;p__Chloroflexi;c__Dehalococcoidia;o__Napoli-4B-65;f__Napoli-4B-65	120.0	62.0	182.0	16.0	21.0	0.0	22.0	4.0
d__Bacteria;p__Patescibacteria;c__Parcubacteria;__;__	44.0	5.0	82.0	38.0	10.0	35.0	11.0	4.0
d__Bacteria;p__Patescibacteria;c__Parcubacteria;o__Candidatus_Yanofskybacteria;f__Candidatus_Yanofskybacteria	4.0	8.0	13.0	98.0	57.0	0.0	12.0	0.0
d__Bacteria;p__Verrucomicrobiota;c__Chlamydiae;o__Chlamydiales;f__cvE6	24.0	75.0	157.0	254.0	362.0	249.0	151.0	59.0
d__Bacteria;p__Firmicutes;c__Clostridia;o__Lachnospirales;f__Lachnospiraceae	729.0	1454.0	3708.0	1589.0	5181.0	3604.0	3328.0	1078.0
d__Bacteria;p__Actinobacteriota;c__Actinobacteria;o__Frankiales;f__Sporichthyaceae	0.0	0.0	8.0	6.0	35.0	8.0	25.0	0.0
d__Bacteria;p__Patescibacteria;c__WWE3;o__WWE3;f__WWE3	0.0	2.0	2.0	0.0	0.0	0.0	0.0	0.0
d__Bacteria;p__Firmicutes;c__Clostridia;__;__	0.0	13.0	13.0	29.0	38.0	14.0	0.0	0.0
d__Bacteria;p__Bdellovibrionota;c__Bdellovibrionia;o__Bacteriovoracales;f__Bacteriovoracaceae	115.0	18.0	14.0	21.0	10.0	17.0	0.0	0.0
d__Bacteria;p__Patescibacteria;c__Saccharimonadia;o__Saccharimonadales;__	0.0	0.0	0.0	7.0	3.0	0.0	0.0	0.0
d__Bacteria;p__TA06;c__TA06;o__TA06;f__TA06	236.0	146.0	384.0	201.0	119.0	85.0	94.0	25.0
d__Bacteria;p__Spirochaetota;c__Leptospirae;o__Leptospirales;f__Leptospiraceae	434.0	370.0	366.0	1126.0	1268.0	1122.0	242.0	182.0
d__Archaea;p__Iainarchaeota;c__Iainarchaeia;o__Iainarchaeales;f__Iainarchaeales	5.0	10.0	0.0	3.0	16.0	2.0	0.0	0.0
d__Bacteria;p__Proteobacteria;c__Alphaproteobacteria;o__SAR11_clade;f__Clade_III	0.0	0.0	0.0	8.0	0.0	0.0	0.0	0.0
d__Bacteria;p__Proteobacteria;c__Alphaproteobacteria;o__SAR11_clade;f__Clade_II	0.0	0.0	0.0	32.0	0.0	0.0	0.0	0.0
d__Bacteria;p__Proteobacteria;c__Alphaproteobacteria;o__SAR11_clade;f__Clade_I	0.0	3.0	0.0	159.0	0.0	0.0	0.0	0.0
d__Bacteria;p__Proteobacteria;c__Gammaproteobacteria;o__Enterobacterales;f__Morganellaceae	8.0	102.0	50.0	30.0	42.0	57.0	69.0	121.0
d__Bacteria;p__Proteobacteria;c__Gammaproteobacteria;o__Coxiellales;f__Coxiellaceae	90.0	76.0	90.0	387.0	256.0	176.0	74.0	49.0
d__Bacteria;p__Proteobacteria;c__Gammaproteobacteria;o__Aeromonadales;f__Succinivibrionaceae	0.0	0.0	0.0	0.0	7.0	4.0	0.0	0.0
d__Bacteria;p__Proteobacteria;c__Gammaproteobacteria;o__Pasteurellales;f__Pasteurellaceae	157.0	1492.0	352.0	137.0	219.0	145.0	277.0	470.0
d__Bacteria;p__Desulfobacterota;c__Desulfovibrionia;o__Desulfovibrionales;f__Desulfovibrionaceae	32.0	88.0	97.0	54.0	34.0	140.0	62.0	41.0
d__Bacteria;p__Proteobacteria;c__Gammaproteobacteria;o__Run-SP154;f__Run-SP154	53.0	44.0	0.0	0.0	0.0	0.0	0.0	0.0
d__Bacteria;p__Proteobacteria;c__Gammaproteobacteria;o__Chromatiales;f__Chromatiaceae	210.0	328.0	58.0	0.0	0.0	0.0	0.0	47.0
d__Bacteria;p__Proteobacteria;c__Gammaproteobacteria;o__TDNP-Wbc97-11-7-16;f__TDNP-Wbc97-11-7-16	0.0	22.0	0.0	0.0	0.0	0.0	0.0	24.0
d__Bacteria;p__Proteobacteria;c__Gammaproteobacteria;o__UBA10353_marine_group;f__UBA10353_marine_group	0.0	0.0	0.0	13.0	0.0	0.0	0.0	0.0
d__Bacteria;p__Proteobacteria;c__Gammaproteobacteria;o__KF-JG30-C25;f__KF-JG30-C25	0.0	0.0	0.0	19.0	15.0	8.0	4.0	0.0
d__Bacteria;p__Desulfobacterota;c__Desulfobulbia;o__Desulfobulbales;f__Desulfurivibrionaceae	10.0	70.0	6.0	0.0	6.0	0.0	0.0	0.0
d__Bacteria;p__Planctomycetota;c__Phycisphaerae;o__Phycisphaerales;f__Phycisphaeraceae	5.0	16.0	0.0	38.0	31.0	27.0	3.0	0.0
d__Bacteria;p__Proteobacteria;c__Gammaproteobacteria;o__Enterobacterales;f__Pectobacteriaceae	0.0	0.0	0.0	37.0	97.0	23.0	12.0	12.0
d__Bacteria;p__Proteobacteria;c__Gammaproteobacteria;o__uncultured;f__uncultured	9.0	7.0	5.0	11.0	22.0	31.0	0.0	0.0
d__Bacteria;p__Proteobacteria;c__Gammaproteobacteria;o__Diplorickettsiales;f__Diplorickettsiaceae	34.0	13.0	19.0	50.0	65.0	30.0	19.0	4.0
d__Bacteria;p__Proteobacteria;c__Gammaproteobacteria;o__Ectothiorhodospirales;f__Ectothiorhodospiraceae	239.0	304.0	86.0	10.0	0.0	0.0	0.0	120.0
d__Bacteria;p__Proteobacteria;c__Gammaproteobacteria;o__Thiotrichales;f__Thiotrichaceae	237.0	293.0	42.0	0.0	0.0	0.0	0.0	50.0
d__Bacteria;p__Proteobacteria;c__Gammaproteobacteria;o__Burkholderiales;f__A21b	0.0	5.0	12.0	5.0	0.0	21.0	6.0	0.0
d__Bacteria;p__Proteobacteria;c__Gammaproteobacteria;o__Burkholderiales;f__Sutterellaceae	38.0	103.0	251.0	181.0	190.0	344.0	214.0	81.0
d__Bacteria;p__Proteobacteria;c__Gammaproteobacteria;o__Gammaproteobacteria_Incertae_Sedis;f__Unknown_Family	93.0	202.0	49.0	300.0	265.0	268.0	32.0	113.0
d__Bacteria;p__Proteobacteria;c__Gammaproteobacteria;o__Burkholderiales;f__Neisseriaceae	5.0	131.0	68.0	78.0	137.0	55.0	68.0	104.0
d__Bacteria;p__Proteobacteria;c__Gammaproteobacteria;o__Burkholderiales;f__Methylophilaceae	34.0	44.0	42.0	202.0	142.0	113.0	12.0	5.0
d__Bacteria;p__Proteobacteria;c__Gammaproteobacteria;o__Pseudomonadales;f__Moraxellaceae	62.0	414.0	117.0	255.0	307.0	643.0	160.0	286.0
d__Bacteria;p__Proteobacteria;c__Gammaproteobacteria;o__Alteromonadales;f__Alteromonadaceae	58.0	0.0	12.0	477.0	9.0	9.0	19.0	0.0
d__Bacteria;p__Proteobacteria;c__Gammaproteobacteria;o__Steroidobacterales;f__Steroidobacteraceae	129.0	120.0	103.0	511.0	648.0	819.0	138.0	110.0
d__Bacteria;p__Proteobacteria;c__Gammaproteobacteria;o__Enterobacterales;f__Enterobacteriaceae	124.0	1169.0	516.0	624.0	2921.0	755.0	832.0	1348.0
d__Bacteria;p__Proteobacteria;c__Gammaproteobacteria;o__Enterobacterales;__	0.0	129.0	0.0	0.0	0.0	0.0	0.0	170.0
d__Bacteria;p__Proteobacteria;c__Gammaproteobacteria;o__Enterobacterales;f__Erwiniaceae	0.0	16.0	0.0	67.0	26.0	101.0	0.0	27.0
d__Bacteria;p__Proteobacteria;c__Gammaproteobacteria;o__Aeromonadales;f__Aeromonadaceae	56.0	102.0	371.0	231.0	279.0	160.0	552.0	139.0
d__Bacteria;p__Firmicutes;c__Clostridia;o__Christensenellales;f__Christensenellaceae	81.0	83.0	230.0	66.0	103.0	198.0	144.0	55.0
d__Bacteria;p__Proteobacteria;c__Gammaproteobacteria;o__Enterobacterales;f__Yersiniaceae	37.0	589.0	382.0	298.0	353.0	257.0	589.0	709.0
d__Bacteria;p__Proteobacteria;c__Gammaproteobacteria;o__CCD24;f__CCD24	31.0	28.0	0.0	179.0	170.0	246.0	27.0	30.0
d__Bacteria;p__Proteobacteria;c__Gammaproteobacteria;o__PLTA13;f__PLTA13	15.0	26.0	0.0	0.0	0.0	5.0	0.0	7.0
d__Bacteria;p__Proteobacteria;c__Gammaproteobacteria;o__Steroidobacterales;f__Woeseiaceae	81.0	170.0	11.0	0.0	0.0	0.0	0.0	27.0
d__Bacteria;p__Proteobacteria;c__Gammaproteobacteria;o__Cellvibrionales;f__Spongiibacteraceae	29.0	22.0	0.0	4.0	0.0	0.0	0.0	0.0
d__Bacteria;p__Proteobacteria;c__Gammaproteobacteria;o__HOC36;f__HOC36	7.0	31.0	6.0	18.0	0.0	0.0	0.0	9.0
d__Bacteria;p__Proteobacteria;c__Gammaproteobacteria;o__Methylococcales;f__Methylococcaceae	0.0	18.0	0.0	83.0	37.0	54.0	0.0	0.0
d__Bacteria;p__Proteobacteria;c__Gammaproteobacteria;o__Ectothiorhodospirales;f__Acidihalobacteraceae	71.0	125.0	25.0	0.0	0.0	0.0	0.0	34.0
d__Bacteria;p__Proteobacteria;c__Gammaproteobacteria;o__Oceanospirillales;f__Alcanivoracaceae1	53.0	6.0	0.0	27.0	0.0	5.0	0.0	0.0
d__Bacteria;p__Proteobacteria;c__Gammaproteobacteria;o__Alteromonadales;f__Idiomarinaceae	0.0	0.0	0.0	0.0	16.0	0.0	0.0	0.0
d__Bacteria;p__Proteobacteria;c__Gammaproteobacteria;o__BD7-8;f__BD7-8	0.0	17.0	0.0	0.0	0.0	0.0	0.0	9.0
d__Bacteria;p__Proteobacteria;c__Gammaproteobacteria;o__Oceanospirillales;f__Alcanivoracaceae	10.0	0.0	0.0	0.0	0.0	0.0	0.0	0.0
d__Bacteria;p__Proteobacteria;c__Gammaproteobacteria;o__Ectothiorhodospirales;f__Thioalkalispiraceae	1316.0	718.0	477.0	28.0	9.0	12.0	91.0	163.0
d__Bacteria;p__Proteobacteria;c__Gammaproteobacteria;o__Oceanospirillales;f__Saccharospirillaceae	1252.0	132.0	72.0	104.0	0.0	0.0	0.0	19.0
d__Bacteria;p__Proteobacteria;c__Gammaproteobacteria;o__Cellvibrionales;f__Cellvibrionaceae	32.0	8.0	0.0	49.0	0.0	0.0	0.0	0.0
d__Bacteria;p__Proteobacteria;c__Gammaproteobacteria;o__Vibrionales;f__Vibrionaceae	22.0	72.0	144.0	1977.0	49.0	52.0	67.0	44.0
d__Bacteria;p__Proteobacteria;c__Gammaproteobacteria;o__WD260;f__WD260	0.0	17.0	14.0	9.0	14.0	0.0	12.0	26.0
d__Bacteria;p__Proteobacteria;c__Gammaproteobacteria;o__Oceanospirillales;f__Halomonadaceae	0.0	9.0	38.0	8.0	72.0	31.0	49.0	13.0
d__Bacteria;p__Proteobacteria;c__Gammaproteobacteria;o__Cellvibrionales;f__Halieaceae	340.0	467.0	65.0	43.0	0.0	0.0	0.0	122.0
d__Bacteria;p__Proteobacteria;c__Gammaproteobacteria;o__Nitrosococcales;f__Nitrosococcaceae	9.0	27.0	0.0	0.0	0.0	0.0	0.0	8.0
d__Bacteria;p__Proteobacteria;c__Gammaproteobacteria;o__1013-28-CG33;f__1013-28-CG33	0.0	0.0	12.0	0.0	0.0	0.0	0.0	0.0
d__Bacteria;p__Proteobacteria;c__Gammaproteobacteria;o__Oceanospirillales;f__Oleiphilaceae	482.0	65.0	56.0	283.0	0.0	7.0	0.0	0.0
d__Bacteria;p__Proteobacteria;c__Gammaproteobacteria;o__Pseudomonadales;f__Pseudomonadaceae	212.0	283.0	142.0	105.0	143.0	162.0	116.0	215.0
d__Bacteria;p__Proteobacteria;c__Gammaproteobacteria;o__B2M28;f__B2M28	121.0	204.0	21.0	0.0	0.0	0.0	0.0	88.0
d__Bacteria;p__Proteobacteria;c__Gammaproteobacteria;o__AT-s2-59;f__AT-s2-59	48.0	74.0	24.0	0.0	0.0	0.0	11.0	33.0
d__Bacteria;p__Proteobacteria;c__Gammaproteobacteria;o__Oceanospirillales;f__Oceanospirillaceae	19.0	10.0	0.0	0.0	0.0	0.0	0.0	0.0
d__Bacteria;p__Firmicutes;c__Bacilli;o__Alicyclobacillales;f__Alicyclobacillaceae	141.0	177.0	173.0	29.0	49.0	5.0	0.0	0.0
d__Bacteria;p__Proteobacteria;c__Gammaproteobacteria;o__Chromatiales;__	277.0	75.0	0.0	0.0	0.0	0.0	0.0	0.0
d__Bacteria;p__Proteobacteria;c__Gammaproteobacteria;o__SZB30;f__SZB30	10.0	13.0	11.0	0.0	0.0	0.0	0.0	0.0
d__Bacteria;p__Proteobacteria;c__Gammaproteobacteria;o__Thiohalorhabdales;f__Thiohalorhabdaceae	0.0	11.0	0.0	0.0	0.0	0.0	0.0	0.0
d__Bacteria;p__Proteobacteria;c__Gammaproteobacteria;o__Chromatiales;f__Sedimenticolaceae	114.0	186.0	22.0	0.0	0.0	0.0	0.0	47.0
d__Bacteria;p__Proteobacteria;c__Gammaproteobacteria;o__Cellvibrionales;f__BD2-7	113.0	128.0	18.0	0.0	0.0	0.0	0.0	43.0
d__Bacteria;p__Proteobacteria;c__Gammaproteobacteria;o__Cellvibrionales;f__Microbulbiferaceae	9.0	0.0	0.0	0.0	0.0	0.0	0.0	0.0
d__Bacteria;p__Proteobacteria;c__Gammaproteobacteria;o__Ga0077536;f__Ga0077536	22.0	42.0	18.0	0.0	0.0	0.0	0.0	20.0
d__Bacteria;p__Proteobacteria;c__Gammaproteobacteria;o__Oceanospirillales;f__Hahellaceae	90.0	55.0	20.0	0.0	0.0	0.0	0.0	5.0
d__Bacteria;p__Proteobacteria;c__Gammaproteobacteria;o__FGL7S;f__FGL7S	183.0	38.0	26.0	0.0	0.0	0.0	0.0	0.0
d__Bacteria;p__Proteobacteria;c__Gammaproteobacteria;o__SS1-B-09-64;f__SS1-B-09-64	0.0	16.0	0.0	0.0	0.0	0.0	0.0	0.0
d__Bacteria;p__Proteobacteria;c__Gammaproteobacteria;o__Oceanospirillales;f__Pseudohongiellaceae	39.0	33.0	0.0	71.0	0.0	0.0	0.0	17.0
d__Bacteria;p__Proteobacteria;c__Gammaproteobacteria;o__Nitrosococcales;f__Methylophagaceae	0.0	0.0	0.0	0.0	0.0	0.0	0.0	5.0
d__Bacteria;p__Proteobacteria;c__Gammaproteobacteria;o__Oceanospirillales;f__Marinomonadaceae	0.0	5.0	0.0	0.0	0.0	0.0	0.0	4.0
d__Bacteria;p__Proteobacteria;c__Gammaproteobacteria;o__Ectothiorhodospirales;__	79.0	176.0	30.0	0.0	0.0	0.0	0.0	48.0
d__Bacteria;p__Proteobacteria;c__Gammaproteobacteria;o__Oceanospirillales;f__Nitrincolaceae	205.0	26.0	31.0	68.0	0.0	0.0	0.0	0.0
d__Bacteria;p__Proteobacteria;c__Gammaproteobacteria;o__Tenderiales;f__Tenderiaceae	70.0	28.0	10.0	0.0	0.0	0.0	0.0	0.0
d__Bacteria;p__Proteobacteria;c__Gammaproteobacteria;o__SAR86_clade;f__SAR86_clade	0.0	0.0	0.0	93.0	0.0	0.0	0.0	0.0
d__Bacteria;p__Proteobacteria;c__Gammaproteobacteria;o__Alteromonadales;f__Marinobacteraceae	0.0	23.0	0.0	0.0	0.0	0.0	0.0	0.0
d__Bacteria;p__Proteobacteria;c__Gammaproteobacteria;o__Alteromonadales;f__Pseudoalteromonadaceae	35.0	27.0	0.0	85.0	0.0	4.0	0.0	9.0
d__Bacteria;p__Proteobacteria;c__Gammaproteobacteria;o__Milano-WF1B-44;f__Milano-WF1B-44	17.0	44.0	0.0	0.0	0.0	0.0	0.0	7.0
d__Bacteria;p__Proteobacteria;c__Alphaproteobacteria;o__Rhodospirillales;f__Magnetospiraceae	23.0	6.0	0.0	3.0	0.0	0.0	0.0	0.0
d__Bacteria;p__Proteobacteria;c__Gammaproteobacteria;o__Burkholderiales;f__Hydrogenophilaceae	143.0	38.0	14.0	10.0	0.0	11.0	9.0	0.0
d__Bacteria;p__Proteobacteria;c__Gammaproteobacteria;o__Burkholderiales;f__Leeiaceae	0.0	0.0	0.0	0.0	11.0	0.0	0.0	0.0
d__Bacteria;p__Proteobacteria;c__Gammaproteobacteria;o__Burkholderiales;f__Nitrosomonadaceae	67.0	101.0	107.0	464.0	457.0	705.0	93.0	93.0
d__Bacteria;p__Proteobacteria;c__Gammaproteobacteria;o__Burkholderiales;f__Rhodocyclaceae	105.0	124.0	82.0	675.0	1007.0	897.0	72.0	99.0
d__Bacteria;p__Proteobacteria;c__Gammaproteobacteria;o__Burkholderiales;f__Comamonadaceae	852.0	1270.0	1014.0	1631.0	3444.0	2933.0	270.0	401.0
d__Bacteria;p__Proteobacteria;c__Gammaproteobacteria;o__Burkholderiales;f__Chromobacteriaceae	272.0	339.0	268.0	680.0	2068.0	957.0	123.0	110.0
d__Bacteria;p__Proteobacteria;c__Gammaproteobacteria;o__Burkholderiales;__	40.0	68.0	52.0	141.0	181.0	202.0	0.0	7.0
d__Bacteria;p__Proteobacteria;c__Gammaproteobacteria;o__Burkholderiales;f__Gallionellaceae	187.0	286.0	264.0	565.0	105.0	45.0	0.0	24.0
d__Bacteria;p__Proteobacteria;c__Gammaproteobacteria;o__Burkholderiales;f__Sulfuricellaceae	0.0	0.0	0.0	5.0	15.0	0.0	0.0	0.0
d__Bacteria;p__Proteobacteria;c__Gammaproteobacteria;o__Burkholderiales;f__B1-7BS	0.0	0.0	0.0	0.0	14.0	14.0	0.0	0.0
d__Bacteria;p__Proteobacteria;c__Gammaproteobacteria;o__Burkholderiales;f__SC-I-84	0.0	11.0	20.0	7.0	13.0	0.0	26.0	12.0
d__Bacteria;p__Proteobacteria;c__Gammaproteobacteria;o__Burkholderiales;f__Alcaligenaceae	35.0	612.0	214.0	217.0	248.0	203.0	220.0	511.0
d__Bacteria;p__Proteobacteria;c__Gammaproteobacteria;o__Burkholderiales;f__Oxalobacteraceae	178.0	254.0	213.0	514.0	515.0	409.0	72.0	98.0
d__Bacteria;p__Proteobacteria;c__Gammaproteobacteria;o__Alteromonadales;f__Shewanellaceae	0.0	19.0	0.0	0.0	0.0	0.0	0.0	25.0
d__Bacteria;p__Proteobacteria;c__Gammaproteobacteria;o__Burkholderiales;f__Aquaspirillaceae	0.0	0.0	0.0	0.0	14.0	0.0	0.0	0.0
d__Bacteria;p__Proteobacteria;c__Gammaproteobacteria;o__Burkholderiales;f__Chitinimonadaceae	0.0	10.0	5.0	15.0	82.0	39.0	0.0	0.0
d__Bacteria;p__Proteobacteria;c__Gammaproteobacteria;o__Burkholderiales;f__Chitinibacteraceae	0.0	0.0	0.0	0.0	16.0	0.0	0.0	0.0
d__Bacteria;p__Proteobacteria;c__Gammaproteobacteria;o__Burkholderiales;f__uncultured	0.0	0.0	0.0	0.0	11.0	0.0	0.0	0.0
d__Bacteria;p__Proteobacteria;c__Gammaproteobacteria;o__JG36-TzT-191;f__JG36-TzT-191	0.0	6.0	0.0	20.0	35.0	45.0	9.0	0.0
d__Bacteria;p__Proteobacteria;c__Gammaproteobacteria;o__Methylococcales;f__Methylomonadaceae	15.0	35.0	12.0	37.0	39.0	75.0	7.0	24.0
d__Bacteria;p__Proteobacteria;c__Gammaproteobacteria;o__Xanthomonadales;f__Rhodanobacteraceae	20.0	105.0	21.0	26.0	11.0	38.0	0.0	79.0
d__Bacteria;p__Proteobacteria;c__Gammaproteobacteria;o__Thiomicrospirales;f__Thioglobaceae	0.0	0.0	0.0	32.0	0.0	0.0	0.0	0.0
d__Bacteria;p__Proteobacteria;c__Gammaproteobacteria;o__Alteromonadales;f__Colwelliaceae	0.0	0.0	0.0	13.0	0.0	0.0	0.0	0.0
d__Bacteria;p__Proteobacteria;c__Gammaproteobacteria;o__Competibacterales;f__Competibacteraceae	0.0	11.0	0.0	0.0	0.0	0.0	0.0	0.0
d__Bacteria;p__Proteobacteria;c__Gammaproteobacteria;o__Acidiferrobacterales;f__Acidiferrobacteraceae	16.0	23.0	5.0	9.0	23.0	29.0	0.0	10.0
d__Bacteria;p__Proteobacteria;c__Gammaproteobacteria;o__R7C24;f__R7C24	0.0	0.0	0.0	0.0	10.0	0.0	0.0	0.0
d__Bacteria;p__Proteobacteria;c__Gammaproteobacteria;o__EPR3968-O8a-Bc78;f__EPR3968-O8a-Bc78	0.0	15.0	0.0	0.0	0.0	0.0	0.0	0.0
d__Bacteria;p__Proteobacteria;c__Gammaproteobacteria;o__EC3;f__EC3	0.0	7.0	0.0	0.0	0.0	0.0	0.0	0.0
d__Bacteria;p__Proteobacteria;c__Gammaproteobacteria;o__Cardiobacteriales;f__Wohlfahrtiimonadaceae	0.0	13.0	0.0	0.0	0.0	0.0	0.0	0.0
d__Bacteria;p__Proteobacteria;c__Alphaproteobacteria;o__Rickettsiales;f__Rickettsiaceae	0.0	2.0	3.0	0.0	0.0	0.0	0.0	3.0
d__Bacteria;p__Proteobacteria;c__Gammaproteobacteria;o__Legionellales;f__Legionellaceae	0.0	6.0	10.0	0.0	0.0	0.0	13.0	0.0
d__Bacteria;p__Firmicutes;c__Clostridia;o__Oscillospirales;f__[Eubacterium]_coprostanoligenes_group	5.0	53.0	23.0	9.0	9.0	42.0	15.0	19.0
d__Bacteria;p__Bacteroidota;c__Bacteroidia;o__Cytophagales;f__Microscillaceae	0.0	0.0	7.0	12.0	5.0	0.0	15.0	3.0
d__Bacteria;p__Proteobacteria;c__Gammaproteobacteria;o__CHAB-XI-27;f__CHAB-XI-27	0.0	0.0	0.0	0.0	0.0	2.0	0.0	0.0
d__Bacteria;p__Proteobacteria;c__Gammaproteobacteria;o__Beggiatoales;f__Beggiatoaceae	27.0	28.0	33.0	7.0	19.0	60.0	0.0	0.0
d__Bacteria;p__Sumerlaeota;c__Sumerlaeia;o__uncultured;f__uncultured	137.0	89.0	265.0	6.0	0.0	0.0	16.0	3.0
d__Bacteria;p__Firmicutes;c__Clostridia;o__Clostridiales;f__Clostridiaceae	170.0	326.0	268.0	1195.0	1376.0	779.0	294.0	254.0
d__Bacteria;p__Proteobacteria;c__Gammaproteobacteria;o__Salinisphaerales;f__Solimonadaceae	4.0	16.0	0.0	0.0	20.0	36.0	3.0	5.0
d__Bacteria;p__Proteobacteria;c__Alphaproteobacteria;o__Rhizobiales;f__Beijerinckiaceae	28.0	316.0	1838.0	855.0	974.0	872.0	4660.0	668.0
d__Bacteria;p__Desulfobacterota;c__Desulfobacteria;o__Desulfobacterales;f__Desulfosarcinaceae	4030.0	5389.0	2772.0	120.0	45.0	54.0	510.0	1102.0
d__Bacteria;p__Verrucomicrobiota;c__Lentisphaeria;o__P.palmC41;f__P.palmC41	2.0	0.0	0.0	0.0	0.0	0.0	0.0	0.0
d__Bacteria;p__WS2;c__WS2;o__WS2;f__WS2	29.0	32.0	45.0	21.0	19.0	9.0	0.0	0.0
d__Bacteria;p__Deinococcota;c__Deinococci;o__Deinococcales;f__Deinococcaceae	0.0	0.0	0.0	0.0	0.0	0.0	0.0	1.0
d__Bacteria;p__Patescibacteria;c__Gracilibacteria;o__JGI_0000069-P22;f__JGI_0000069-P22	22.0	2.0	0.0	0.0	0.0	0.0	0.0	0.0
d__Bacteria;p__Patescibacteria;__;__;__	8.0	6.0	12.0	0.0	0.0	0.0	4.0	2.0
d__Bacteria;p__Patescibacteria;c__Kazania;o__Kazania;f__Kazania	0.0	3.0	0.0	0.0	0.0	0.0	0.0	0.0
d__Bacteria;p__Thermotogota;c__Thermotogae;o__Thermotogales;f__Fervidobacteriaceae	2.0	0.0	0.0	0.0	0.0	0.0	0.0	0.0
d__Bacteria;p__uncultured;c__uncultured;o__uncultured;f__uncultured	0.0	0.0	0.0	6.0	0.0	4.0	0.0	0.0
d__Bacteria;p__Chloroflexi;c__AD3;o__AD3;f__AD3	0.0	20.0	19.0	29.0	40.0	0.0	17.0	5.0
d__Bacteria;p__Patescibacteria;c__Parcubacteria;o__Candidatus_Nomurabacteria;f__Candidatus_Nomurabacteria	0.0	0.0	0.0	8.0	6.0	2.0	0.0	2.0
d__Bacteria;p__Patescibacteria;c__Microgenomatia;o__Candidatus_Woykebacteria;f__Candidatus_Woykebacteria	0.0	0.0	0.0	0.0	12.0	2.0	0.0	2.0
d__Bacteria;p__Chloroflexi;c__Dehalococcoidia;o__SPG12-343-353-B75;f__SPG12-343-353-B75	61.0	51.0	102.0	0.0	18.0	0.0	0.0	0.0
d__Bacteria;p__Patescibacteria;c__Parcubacteria;o__Candidatus_Staskawiczbacteria;f__Candidatus_Staskawiczbacteria	0.0	0.0	0.0	12.0	20.0	0.0	0.0	0.0
d__Bacteria;p__Elusimicrobiota;c__Lineage_IIa;o__Lineage_IIa;f__Lineage_IIa	5.0	13.0	0.0	55.0	107.0	17.0	0.0	5.0
d__Bacteria;p__Elusimicrobiota;c__Lineage_IIc;o__Lineage_IIc;f__Lineage_IIc	39.0	0.0	12.0	85.0	45.0	115.0	12.0	11.0
d__Bacteria;p__Elusimicrobiota;c__Elusimicrobia;o__Lineage_IV;f__Lineage_IV	9.0	18.0	14.0	26.0	47.0	36.0	8.0	0.0
d__Bacteria;p__Campilobacterota;c__Campylobacteria;o__Campylobacterales;f__Helicobacteraceae	10.0	26.0	5.0	13.0	18.0	13.0	5.0	12.0
d__Bacteria;p__Campilobacterota;c__Campylobacteria;o__Campylobacterales;f__Arcobacteraceae	92.0	26.0	0.0	12.0	0.0	7.0	4.0	0.0
d__Bacteria;p__Acidobacteriota;c__Thermoanaerobaculia;o__Thermoanaerobaculales;f__Thermoanaerobaculaceae	118.0	326.0	94.0	13.0	0.0	8.0	27.0	113.0
d__Bacteria;p__Campilobacterota;c__Campylobacteria;o__Campylobacterales;f__Sulfurovaceae	201.0	311.0	63.0	0.0	0.0	0.0	0.0	74.0
d__Bacteria;p__Campilobacterota;c__Campylobacteria;o__Campylobacterales;f__Campylobacteraceae	0.0	3.0	8.0	0.0	4.0	7.0	14.0	0.0
d__Bacteria;p__Campilobacterota;c__Campylobacteria;o__Campylobacterales;f__Sulfurimonadaceae	1046.0	170.0	86.0	0.0	0.0	4.0	0.0	19.0
d__Bacteria;p__Campilobacterota;c__Campylobacteria;o__Campylobacterales;f__uncultured	4.0	0.0	0.0	10.0	0.0	16.0	0.0	0.0
d__Bacteria;p__Planctomycetota;__;__;__	83.0	90.0	111.0	44.0	23.0	55.0	9.0	6.0
d__Bacteria;p__Verrucomicrobiota;c__Omnitrophia;o__Omnitrophales;__	5.0	6.0	18.0	15.0	18.0	12.0	0.0	0.0
d__Bacteria;p__Elusimicrobiota;c__Lineage_IIb;o__Lineage_IIb;f__Lineage_IIb	7.0	8.0	18.0	76.0	42.0	41.0	9.0	10.0
d__Bacteria;p__Elusimicrobiota;c__Endomicrobia;o__Endomicrobiales;f__Endomicrobiaceae	16.0	13.0	10.0	70.0	76.0	64.0	11.0	3.0
d__Bacteria;p__Elusimicrobiota;__;__;__	0.0	0.0	0.0	3.0	0.0	0.0	0.0	0.0
d__Bacteria;p__Elusimicrobiota;c__Elusimicrobia;o__MD2894-B20;f__MD2894-B20	8.0	18.0	11.0	0.0	0.0	0.0	7.0	4.0
d__Bacteria;p__Elusimicrobiota;c__Elusimicrobia;o__MVP-88;f__MVP-88	0.0	0.0	6.0	11.0	10.0	23.0	0.0	4.0
d__Bacteria;p__Patescibacteria;c__Gracilibacteria;o__Candidatus_Peribacteria;f__Candidatus_Peribacteria	0.0	0.0	0.0	0.0	4.0	0.0	0.0	0.0
d__Bacteria;p__Proteobacteria;c__Gammaproteobacteria;o__Xanthomonadales;f__Xanthomonadaceae	16.0	229.0	93.0	79.0	150.0	135.0	87.0	148.0
d__Bacteria;p__Proteobacteria;c__Alphaproteobacteria;o__Sphingomonadales;f__Sphingomonadaceae	37.0	151.0	86.0	147.0	290.0	165.0	87.0	66.0
d__Bacteria;p__Campilobacterota;c__Campylobacteria;o__Campylobacterales;f__Sulfurospirillaceae	0.0	0.0	0.0	0.0	0.0	0.0	0.0	4.0
d__Bacteria;p__Spirochaetota;c__Brevinematia;o__Brevinematales;f__Brevinemataceae	49.0	69.0	45.0	336.0	148.0	113.0	43.0	45.0
d__Bacteria;p__Proteobacteria;c__Alphaproteobacteria;o__Rickettsiales;f__Fokiniaceae	0.0	2.0	0.0	0.0	0.0	0.0	0.0	0.0
d__Bacteria;p__Proteobacteria;c__Alphaproteobacteria;o__Rickettsiales;f__Rickettsiales	0.0	0.0	0.0	0.0	0.0	4.0	2.0	0.0
d__Bacteria;p__Acidobacteriota;c__Subgroup_22;o__Subgroup_22;f__Subgroup_22	51.0	126.0	97.0	66.0	30.0	64.0	6.0	34.0
d__Bacteria;p__Verrucomicrobiota;c__Omnitrophia;o__Omnitrophales;f__koll11	0.0	14.0	0.0	0.0	0.0	0.0	0.0	0.0
d__Bacteria;p__Verrucomicrobiota;c__Omnitrophia;o__Omnitrophales;f__Omnitrophales	9.0	2.0	15.0	30.0	13.0	0.0	4.0	4.0
d__Bacteria;p__Verrucomicrobiota;c__Verrucomicrobiae;o__Opitutales;f__Puniceicoccaceae	10.0	23.0	0.0	3.0	0.0	0.0	0.0	8.0
d__Bacteria;p__Bacteroidota;c__Kryptonia;o__Kryptoniales;f__BSV26	2112.0	2237.0	2750.0	10892.0	9016.0	8289.0	1359.0	828.0
d__Bacteria;p__Planctomycetota;c__Phycisphaerae;o__Tepidisphaerales;f__CPla-3_termite_group	0.0	0.0	0.0	0.0	11.0	0.0	0.0	4.0
d__Bacteria;p__Planctomycetota;c__Phycisphaerae;o__Tepidisphaerales;f__WD2101_soil_group	2.0	7.0	0.0	33.0	24.0	42.0	12.0	0.0
d__Bacteria;p__Bacteroidota;c__Bacteroidia;o__Bacteroidales;f__Rikenellaceae	22.0	205.0	294.0	109.0	204.0	230.0	229.0	112.0
d__Bacteria;p__Patescibacteria;c__Parcubacteria;o__Candidatus_Nealsonbacteria;f__Candidatus_Nealsonbacteria	3.0	0.0	0.0	10.0	0.0	0.0	0.0	0.0
d__Bacteria;p__Firmicutes;c__Bacilli;o__Lactobacillales;f__Lactobacillaceae	197.0	2216.0	718.0	514.0	783.0	902.0	754.0	1208.0
d__Bacteria;p__Chloroflexi;c__Anaerolineae;__;__	26.0	39.0	21.0	64.0	116.0	24.0	16.0	11.0
d__Bacteria;p__Patescibacteria;c__ABY1;o__Candidatus_Uhrbacteria;f__Candidatus_Uhrbacteria	0.0	4.0	0.0	0.0	0.0	0.0	0.0	0.0
d__Bacteria;p__Firmicutes;c__Bacilli;o__RF39;f__RF39	3.0	21.0	20.0	9.0	4.0	29.0	15.0	14.0
d__Bacteria;p__Firmicutes;c__Clostridia;o__Peptostreptococcales-Tissierellales;f__Peptostreptococcaceae	50.0	197.0	123.0	141.0	133.0	88.0	113.0	62.0
d__Bacteria;p__Cyanobacteria;c__Cyanobacteriia;o__Chloroplast;f__Chloroplast	218.0	481.0	86.0	265.0	72.0	68.0	53.0	241.0
d__Bacteria;p__WPS-2;c__WPS-2;o__WPS-2;f__WPS-2	0.0	7.0	4.0	23.0	46.0	30.0	5.0	8.0
d__Bacteria;p__Deinococcota;c__Deinococci;o__Deinococcales;f__Trueperaceae	0.0	6.0	0.0	0.0	0.0	0.0	0.0	0.0
d__Bacteria;p__Chloroflexi;c__Dehalococcoidia;o__FS117-23B-02;f__FS117-23B-02	128.0	93.0	99.0	91.0	49.0	20.0	12.0	10.0
d__Bacteria;p__Firmicutes;c__Clostridia;o__Peptostreptococcales-Tissierellales;__	0.0	9.0	6.0	0.0	0.0	0.0	0.0	0.0
d__Bacteria;p__Firmicutes;c__Clostridia;o__Peptostreptococcales-Tissierellales;f__Fusibacteraceae	12.0	10.0	0.0	0.0	0.0	0.0	0.0	0.0
d__Bacteria;p__Firmicutes;__;__;__	6.0	27.0	21.0	32.0	4.0	3.0	3.0	0.0
d__Bacteria;p__Patescibacteria;c__Parcubacteria;o__Candidatus_Azambacteria;f__Candidatus_Azambacteria	0.0	0.0	0.0	5.0	5.0	0.0	0.0	0.0
d__Bacteria;p__Firmicutes;c__Bacilli;o__Erysipelotrichales;f__Erysipelatoclostridiaceae	21.0	28.0	53.0	7.0	20.0	57.0	29.0	23.0
d__Bacteria;p__Cyanobacteria;c__Cyanobacteriia;o__Cyanobacteriales;f__Cyanobacteriaceae	10.0	27.0	0.0	0.0	0.0	0.0	0.0	0.0
d__Bacteria;p__Patescibacteria;c__Parcubacteria;o__Parcubacteria;f__Parcubacteria	14.0	0.0	4.0	57.0	24.0	0.0	0.0	3.0
d__Bacteria;p__Patescibacteria;c__Gracilibacteria;o__Candidatus_Peregrinibacteria;f__Candidatus_Peregrinibacteria	0.0	0.0	0.0	6.0	3.0	0.0	0.0	0.0
d__Bacteria;p__Patescibacteria;c__ABY1;o__Candidatus_Kerfeldbacteria;f__Candidatus_Kerfeldbacteria	5.0	3.0	0.0	30.0	27.0	6.0	2.0	0.0
d__Bacteria;p__Patescibacteria;c__Parcubacteria;o__Candidatus_Campbellbacteria;f__Candidatus_Campbellbacteria	0.0	2.0	0.0	0.0	0.0	0.0	0.0	0.0
d__Bacteria;p__Patescibacteria;c__Gracilibacteria;o__Gracilibacteria;f__Gracilibacteria	6.0	9.0	0.0	7.0	4.0	6.0	0.0	0.0
d__Bacteria;p__Firmicutes;c__Bacilli;o__Erysipelotrichales;f__Erysipelotrichaceae	116.0	752.0	339.0	224.0	387.0	448.0	328.0	531.0
d__Bacteria;p__Patescibacteria;c__Parcubacteria;o__Candidatus_Zambryskibacteria;f__Candidatus_Zambryskibacteria	0.0	0.0	0.0	9.0	14.0	0.0	0.0	0.0
d__Bacteria;p__Bacteroidota;c__Bacteroidia;o__Flavobacteriales;f__Crocinitomicaceae	16.0	0.0	3.0	10.0	0.0	0.0	0.0	0.0
d__Bacteria;p__Bacteroidota;c__Bacteroidia;o__Flavobacteriales;f__Flavobacteriaceae	76.0	238.0	32.0	215.0	13.0	19.0	14.0	80.0
d__Bacteria;p__Firmicutes;c__Clostridia;o__Clostridia_vadinBB60_group;f__Clostridia_vadinBB60_group	0.0	15.0	0.0	10.0	36.0	0.0	0.0	15.0
d__Bacteria;p__Firmicutes;c__Clostridia;o__Clostridiales;f__uncultured	0.0	0.0	0.0	0.0	0.0	10.0	0.0	0.0
d__Bacteria;p__Cyanobacteria;c__Cyanobacteriia;o__Cyanobacteriales;f__Nostocaceae	0.0	0.0	0.0	7.0	6.0	6.0	0.0	0.0
d__Bacteria;p__Patescibacteria;c__Parcubacteria;o__Candidatus_Vogelbacteria;f__Candidatus_Vogelbacteria	0.0	2.0	0.0	3.0	3.0	2.0	0.0	0.0
d__Bacteria;p__Patescibacteria;c__CPR2;o__CPR2;f__CPR2	0.0	0.0	0.0	8.0	9.0	0.0	0.0	0.0
d__Bacteria;p__Patescibacteria;c__Saccharimonadia;o__Saccharimonadales;f__LWQ8	0.0	0.0	12.0	0.0	4.0	3.0	10.0	5.0
d__Bacteria;p__Patescibacteria;c__Saccharimonadia;o__Saccharimonadales;f__WWH38	0.0	0.0	0.0	3.0	0.0	0.0	0.0	0.0
d__Bacteria;p__Chloroflexi;__;__;__	37.0	17.0	24.0	118.0	101.0	22.0	12.0	0.0
d__Bacteria;p__Chloroflexi;c__Anaerolineae;o__Ardenticatenales;f__uncultured	133.0	250.0	122.0	56.0	41.0	38.0	0.0	23.0
d__Bacteria;p__Chloroflexi;c__Dehalococcoidia;o__FW22;f__FW22	453.0	343.0	548.0	93.0	60.0	82.0	151.0	85.0
d__Bacteria;p__Patescibacteria;c__Parcubacteria;o__GWB1-42-6;f__GWB1-42-6	6.0	2.0	5.0	44.0	16.0	14.0	0.0	0.0
d__Bacteria;p__Chloroflexi;c__Anaerolineae;o__RBG-13-54-9;f__RBG-13-54-9	488.0	493.0	582.0	1449.0	1518.0	2301.0	345.0	143.0
d__Bacteria;p__Chloroflexi;c__Dehalococcoidia;o__MSBL5;f__MSBL5	615.0	544.0	704.0	1297.0	1089.0	271.0	243.0	145.0
d__Bacteria;p__Acetothermia;c__Acetothermiia;o__Acetothermiia;f__Acetothermiia	5.0	7.0	6.0	15.0	15.0	10.0	0.0	0.0
d__Bacteria;p__Firmicutes;c__Clostridia;o__Oscillospirales;f__UCG-010	0.0	0.0	10.0	3.0	4.0	8.0	7.0	0.0
d__Bacteria;p__Chloroflexi;c__Dehalococcoidia;o__Dehalococcoidales;f__Dehalococcoidaceae	0.0	3.0	0.0	30.0	8.0	11.0	14.0	4.0
d__Bacteria;p__Firmicutes;c__Clostridia;o__Oscillospirales;f__Ruminococcaceae	396.0	631.0	2036.0	683.0	855.0	1900.0	2734.0	476.0
d__Bacteria;p__Firmicutes;c__Clostridia;o__Clostridia;f__Hungateiclostridiaceae	76.0	71.0	57.0	595.0	1418.0	368.0	227.0	139.0
d__Bacteria;p__Caldisericota;c__Caldisericia;o__Caldisericales;f__LF045	0.0	0.0	0.0	18.0	13.0	15.0	8.0	3.0
d__Bacteria;p__Firmicutes;c__Clostridia;o__Lachnospirales;f__Defluviitaleaceae	0.0	0.0	0.0	0.0	0.0	4.0	0.0	0.0
d__Bacteria;p__Fusobacteriota;c__Fusobacteriia;o__Fusobacteriales;f__Leptotrichiaceae	0.0	8.0	6.0	9.0	82.0	5.0	7.0	13.0
d__Bacteria;p__Patescibacteria;c__Berkelbacteria;o__Berkelbacteria;f__Berkelbacteria	0.0	0.0	8.0	4.0	11.0	3.0	5.0	2.0
d__Bacteria;p__Actinobacteriota;c__Actinobacteria;o__Micrococcales;f__Microbacteriaceae	0.0	48.0	38.0	14.0	12.0	26.0	43.0	7.0
d__Bacteria;p__Actinobacteriota;c__Actinobacteria;o__Micrococcales;f__Micrococcaceae	24.0	114.0	108.0	65.0	89.0	155.0	101.0	82.0
d__Bacteria;p__Actinobacteriota;c__Actinobacteria;o__Bifidobacteriales;f__Bifidobacteriaceae	0.0	133.0	10.0	33.0	464.0	21.0	30.0	71.0
d__Bacteria;p__Chloroflexi;c__Dehalococcoidia;o__Sh765B-AG-111;f__Sh765B-AG-111	166.0	80.0	234.0	0.0	13.0	0.0	19.0	0.0
d__Bacteria;p__Patescibacteria;c__Parcubacteria;o__Candidatus_Portnoybacteria;f__Candidatus_Portnoybacteria	0.0	0.0	0.0	4.0	0.0	0.0	0.0	0.0
d__Bacteria;p__Firmicutes;c__Clostridia;o__Peptostreptococcales-Tissierellales;f__Anaerovoracaceae	0.0	0.0	0.0	0.0	48.0	14.0	14.0	0.0
d__Bacteria;p__Cyanobacteria;c__Sericytochromatia;o__Sericytochromatia;f__Sericytochromatia	36.0	31.0	39.0	7.0	111.0	34.0	0.0	0.0
d__Bacteria;p__Firmicutes;c__Bacilli;o__Bacillales;f__Bacillaceae	852.0	956.0	917.0	1587.0	1820.0	1331.0	479.0	413.0
d__Bacteria;p__Firmicutes;c__Bacilli;o__Staphylococcales;f__Staphylococcaceae	49.0	287.0	299.0	239.0	435.0	212.0	325.0	235.0
d__Bacteria;p__Patescibacteria;c__Parcubacteria;o__Candidatus_Jorgensenbacteria;f__Candidatus_Jorgensenbacteria	14.0	5.0	0.0	22.0	0.0	22.0	0.0	0.0
d__Bacteria;p__Cyanobacteria;c__Cyanobacteriia;o__Cyanobacteriales;f__Coleofasciculaceae	0.0	4.0	0.0	0.0	0.0	0.0	0.0	0.0
d__Bacteria;p__Cyanobacteria;c__Cyanobacteriia;o__Cyanobacteriales;f__Microcystaceae	0.0	11.0	0.0	0.0	0.0	0.0	0.0	0.0
d__Bacteria;p__Firmicutes;c__Bacilli;o__Izemoplasmatales;f__Izemoplasmataceae	8.0	0.0	0.0	0.0	0.0	0.0	0.0	0.0
d__Bacteria;p__Firmicutes;c__Bacilli;o__Mycoplasmatales;f__Mycoplasmataceae	2.0	37.0	14.0	3.0	26.0	12.0	14.0	23.0
d__Bacteria;p__Firmicutes;c__Clostridia;o__Oscillospirales;f__Oscillospiraceae	75.0	235.0	500.0	195.0	206.0	440.0	368.0	172.0
d__Bacteria;p__Firmicutes;c__Clostridia;o__Clostridia_UCG-014;f__Clostridia_UCG-014	65.0	110.0	231.0	116.0	145.0	274.0	193.0	80.0
d__Bacteria;p__Bacteroidota;c__Bacteroidia;o__Bacteroidales;f__Porphyromonadaceae	0.0	54.0	16.0	26.0	49.0	27.0	10.0	30.0
d__Bacteria;p__Chloroflexi;c__Anaerolineae;o__SBR1031;__	118.0	95.0	111.0	161.0	337.0	302.0	30.0	0.0
d__Bacteria;p__Bacteroidota;c__Bacteroidia;o__Bacteroidales;f__Muribaculaceae	36.0	1077.0	528.0	352.0	331.0	740.0	613.0	810.0
d__Archaea;p__Crenarchaeota;c__Bathyarchaeia;o__Bathyarchaeia;f__Bathyarchaeia	5770.0	2697.0	3315.0	4039.0	4192.0	3048.0	317.0	371.0
d__Bacteria;p__Bacteroidota;c__Bacteroidia;o__Bacteroidales;__	104.0	97.0	76.0	76.0	54.0	13.0	23.0	22.0
d__Bacteria;p__Chloroflexi;c__Anaerolineae;o__uncultured;f__uncultured	661.0	608.0	411.0	12.0	19.0	3.0	84.0	91.0
d__Bacteria;p__Chloroflexi;c__Dehalococcoidia;o__GIF3;f__GIF3	6823.0	3082.0	5385.0	552.0	450.0	322.0	1001.0	530.0
d__Bacteria;p__Chloroflexi;c__Anaerolineae;o__MSB-5B2;f__MSB-5B2	17.0	30.0	27.0	0.0	0.0	0.0	0.0	13.0
d__Bacteria;p__Chloroflexi;c__Dehalococcoidia;o__Dehalococcoidia;f__Dehalococcoidia	141.0	108.0	355.0	59.0	78.0	34.0	83.0	10.0
d__Bacteria;p__Bacteroidota;c__Bacteroidia;o__Bacteroidales;f__SB-5	391.0	307.0	569.0	275.0	253.0	238.0	189.0	171.0
d__Bacteria;p__Bacteroidota;c__Bacteroidia;o__Chitinophagales;f__uncultured	14.0	24.0	0.0	21.0	0.0	0.0	0.0	0.0
d__Bacteria;p__Bacteroidota;c__Bacteroidia;o__Chitinophagales;f__Chitinophagaceae	10.0	23.0	82.0	18.0	37.0	18.0	67.0	18.0
d__Bacteria;p__Bacteroidota;c__Bacteroidia;o__Chitinophagales;__	0.0	0.0	0.0	0.0	0.0	5.0	0.0	0.0
d__Bacteria;p__Bacteroidota;c__Bacteroidia;o__Chitinophagales;f__37-13	0.0	0.0	0.0	3.0	3.0	5.0	0.0	0.0
d__Bacteria;p__Bacteroidota;c__Bacteroidia;o__Bacteroidales;f__Bacteroidetes_BD2-2	210.0	305.0	259.0	26.0	11.0	6.0	68.0	76.0
d__Bacteria;p__Actinobacteriota;c__Coriobacteriia;o__OPB41;f__OPB41	35.0	16.0	88.0	82.0	92.0	89.0	64.0	16.0
d__Bacteria;p__Chloroflexi;c__Dehalococcoidia;o__Sh765B-TzT-20;f__Sh765B-TzT-20	0.0	0.0	0.0	24.0	10.0	15.0	0.0	0.0
d__Bacteria;p__Chloroflexi;c__Dehalococcoidia;o__JdFR-54;f__JdFR-54	0.0	0.0	0.0	0.0	6.0	0.0	0.0	0.0
d__Bacteria;p__Actinobacteriota;c__Coriobacteriia;o__Coriobacteriales;f__Atopobiaceae	0.0	37.0	0.0	49.0	434.0	68.0	31.0	41.0
d__Bacteria;p__Actinobacteriota;c__Coriobacteriia;o__Coriobacteriales;f__Coriobacteriaceae	0.0	0.0	0.0	0.0	2.0	0.0	0.0	2.0
d__Bacteria;p__Actinobacteriota;c__Coriobacteriia;o__Coriobacteriales;f__Eggerthellaceae	0.0	29.0	10.0	0.0	8.0	0.0	14.0	18.0
d__Bacteria;p__Patescibacteria;c__ABY1;__;__	0.0	0.0	2.0	7.0	3.0	0.0	2.0	3.0
d__Bacteria;p__Patescibacteria;c__Microgenomatia;o__Candidatus_Levybacteria;f__Candidatus_Levybacteria	0.0	0.0	2.0	0.0	4.0	0.0	4.0	0.0
d__Bacteria;p__Bacteroidota;c__Bacteroidia;o__Flavobacteriales;f__Cryomorphaceae	25.0	16.0	7.0	28.0	0.0	0.0	0.0	0.0
d__Bacteria;p__Bacteroidota;c__Bacteroidia;o__Sphingobacteriales;f__Lentimicrobiaceae	54.0	157.0	56.0	402.0	149.0	136.0	5.0	48.0
d__Bacteria;p__Bacteroidota;c__Bacteroidia;o__Sphingobacteriales;f__KD1-131	0.0	0.0	0.0	33.0	14.0	9.0	0.0	0.0
d__Bacteria;p__Bacteroidota;c__Bacteroidia;o__Bacteroidales;f__Prolixibacteraceae	56.0	166.0	11.0	141.0	79.0	22.0	9.0	43.0
d__Bacteria;p__Planctomycetota;c__Phycisphaerae;o__MSBL9;f__SG8-4	1012.0	676.0	1676.0	803.0	648.0	395.0	248.0	88.0
d__Bacteria;p__Bacteroidota;c__Bacteroidia;o__Bacteroidales;f__Bacteroidetes_vadinHA17	1237.0	1762.0	2303.0	7157.0	6845.0	5334.0	917.0	544.0
d__Bacteria;p__Bacteroidota;c__Bacteroidia;o__Bacteroidales;f__Marinilabiliaceae	10.0	25.0	0.0	0.0	0.0	0.0	0.0	6.0
d__Bacteria;p__Bacteroidota;c__Bacteroidia;__;__	0.0	0.0	0.0	15.0	8.0	3.0	0.0	0.0
d__Bacteria;p__Bacteroidota;c__Bacteroidia;o__Sphingobacteriales;f__env.OPS_17	8.0	15.0	16.0	100.0	60.0	42.0	15.0	6.0
d__Bacteria;p__Bacteroidota;c__Bacteroidia;o__Bacteroidales;f__Williamwhitmaniaceae	0.0	0.0	0.0	0.0	0.0	2.0	0.0	0.0
d__Bacteria;p__Bacteroidota;c__Bacteroidia;o__Flavobacteriales;f__NS7_marine_group	10.0	0.0	0.0	0.0	0.0	0.0	0.0	0.0
d__Bacteria;p__Bacteroidota;c__Bacteroidia;o__Bacteroidales;f__Paludibacteraceae	9.0	9.0	43.0	178.0	92.0	83.0	36.0	8.0
d__Bacteria;p__Bacteroidota;c__Bacteroidia;o__Cytophagales;f__Amoebophilaceae	0.0	0.0	0.0	0.0	0.0	6.0	0.0	2.0
d__Bacteria;p__Chloroflexi;c__Dehalococcoidia;o__SAR202_clade;f__SAR202_clade	72.0	36.0	41.0	37.0	43.0	25.0	0.0	16.0
d__Bacteria;p__Chloroflexi;c__SHA-26;o__SHA-26;f__SHA-26	10.0	15.0	9.0	9.0	34.0	7.0	7.0	0.0
d__Bacteria;p__Chloroflexi;c__Anaerolineae;o__Thermoflexales;f__Thermoflexaceae	97.0	61.0	43.0	0.0	0.0	0.0	17.0	11.0
d__Bacteria;p__Chloroflexi;c__Dehalococcoidia;o__661239;f__661239	439.0	290.0	498.0	31.0	55.0	27.0	91.0	34.0
d__Bacteria;p__Chloroflexi;c__Dehalococcoidia;o__vadinBA26;f__vadinBA26	350.0	124.0	292.0	108.0	73.0	29.0	50.0	69.0
d__Bacteria;p__Chloroflexi;c__Dehalococcoidia;o__ER-E4-17;f__ER-E4-17	87.0	86.0	164.0	39.0	75.0	51.0	69.0	12.0
d__Bacteria;p__Patescibacteria;c__Microgenomatia;o__Microgenomatia;f__Microgenomatia	2.0	2.0	6.0	0.0	0.0	0.0	0.0	2.0
d__Bacteria;p__Patescibacteria;c__Microgenomatia;o__Candidatus_Beckwithbacteria;f__Candidatus_Beckwithbacteria	0.0	0.0	0.0	0.0	0.0	2.0	0.0	0.0
d__Bacteria;p__Chloroflexi;c__Anaerolineae;o__1-20;f__1-20	0.0	0.0	0.0	0.0	0.0	0.0	0.0	4.0
d__Bacteria;p__Chloroflexi;c__Anaerolineae;o__ADurb.Bin180;f__ADurb.Bin180	99.0	87.0	125.0	21.0	31.0	9.0	34.0	30.0
d__Bacteria;p__Chloroflexi;c__Dehalococcoidia;o__t0.6.f;f__t0.6.f	19.0	27.0	0.0	0.0	0.0	0.0	2.0	0.0
d__Bacteria;p__Patescibacteria;c__Microgenomatia;o__Candidatus_Chisholmbacteria;f__Candidatus_Chisholmbacteria	0.0	0.0	10.0	0.0	0.0	0.0	0.0	0.0
d__Bacteria;p__Firmicutes;c__Clostridia;o__Oscillospirales;f__Butyricicoccaceae	7.0	26.0	60.0	11.0	15.0	23.0	49.0	9.0
d__Bacteria;p__Bacteroidota;c__Bacteroidia;o__Bacteroidetes_VC2.1_Bac22;f__Bacteroidetes_VC2.1_Bac22	25.0	114.0	10.0	0.0	0.0	0.0	0.0	25.0
d__Bacteria;p__Bacteroidota;c__Bacteroidia;o__Sphingobacteriales;f__CWT_CU03-E12	58.0	62.0	90.0	223.0	216.0	206.0	29.0	11.0
d__Bacteria;p__Margulisbacteria;c__Margulisbacteria;o__Margulisbacteria;f__Margulisbacteria	0.0	2.0	0.0	11.0	3.0	9.0	2.0	0.0
d__Bacteria;p__Patescibacteria;c__Parcubacteria;o__Candidatus_Wolfebacteria;f__Candidatus_Wolfebacteria	2.0	0.0	2.0	9.0	4.0	0.0	0.0	0.0
d__Bacteria;p__Patescibacteria;c__Parcubacteria;o__Candidatus_Liptonbacteria;f__Candidatus_Liptonbacteria	0.0	0.0	0.0	21.0	5.0	0.0	0.0	0.0
d__Bacteria;p__Actinobacteriota;c__Acidimicrobiia;o__Microtrichales;f__Ilumatobacteraceae	9.0	14.0	13.0	14.0	0.0	12.0	17.0	7.0
d__Bacteria;p__Patescibacteria;c__Parcubacteria;o__Candidatus_Moranbacteria;f__Candidatus_Moranbacteria	0.0	0.0	0.0	7.0	3.0	0.0	0.0	0.0
d__Bacteria;p__Chloroflexi;c__Dehalococcoidia;o__3051bac4-16;f__3051bac4-16	4.0	0.0	0.0	0.0	0.0	0.0	0.0	0.0
d__Bacteria;p__Chloroflexi;c__Dehalococcoidia;o__Dehalococcoidales;f__Dehalococcoidales_Incertae_Sedis	0.0	9.0	0.0	0.0	0.0	0.0	0.0	0.0
d__Bacteria;p__Chloroflexi;c__Dehalococcoidia;o__Dehalococcoidales;__	0.0	0.0	0.0	0.0	11.0	0.0	0.0	0.0
d__Bacteria;p__Patescibacteria;c__ABY1;o__Candidatus_Buchananbacteria;f__Candidatus_Buchananbacteria	0.0	0.0	0.0	2.0	0.0	0.0	0.0	0.0
d__Bacteria;p__Patescibacteria;c__Microgenomatia;o__Candidatus_Amesbacteria;f__Candidatus_Amesbacteria	0.0	0.0	0.0	18.0	10.0	2.0	0.0	0.0
d__Bacteria;p__Patescibacteria;c__Microgenomatia;o__Candidatus_Woesebacteria;f__Candidatus_Woesebacteria	12.0	12.0	14.0	21.0	10.0	3.0	5.0	0.0
d__Bacteria;p__Firmicutes;c__Bacilli;o__Lactobacillales;f__Enterococcaceae	17.0	177.0	104.0	80.0	103.0	118.0	119.0	131.0
d__Bacteria;p__Firmicutes;c__Bacilli;o__Lactobacillales;f__Leuconostocaceae	0.0	65.0	44.0	26.0	30.0	27.0	69.0	43.0
d__Bacteria;p__Firmicutes;c__Bacilli;o__Lactobacillales;f__Streptococcaceae	14.0	476.0	195.0	175.0	216.0	226.0	181.0	470.0
d__Bacteria;p__Chloroflexi;c__Anaerolineae;o__Caldilineales;f__Caldilineaceae	0.0	0.0	0.0	0.0	4.0	0.0	0.0	0.0
d__Bacteria;p__Patescibacteria;c__Parcubacteria;o__Candidatus_Colwellbacteria;f__Candidatus_Colwellbacteria	0.0	0.0	0.0	56.0	118.0	57.0	4.0	2.0
d__Bacteria;p__Fusobacteriota;c__Fusobacteriia;o__Fusobacteriales;f__Fusobacteriaceae	0.0	6.0	21.0	29.0	30.0	17.0	15.0	19.0
d__Bacteria;p__Patescibacteria;c__ABY1;o__Candidatus_Falkowbacteria;f__Candidatus_Falkowbacteria	0.0	7.0	8.0	24.0	28.0	0.0	0.0	0.0
d__Bacteria;p__Actinobacteriota;c__Coriobacteriia;o__FS118-23B-02;f__FS118-23B-02	0.0	0.0	0.0	0.0	0.0	5.0	3.0	0.0
d__Bacteria;p__Patescibacteria;c__Parcubacteria;o__CG1-02-42-13;f__CG1-02-42-13	0.0	0.0	0.0	0.0	7.0	0.0	0.0	0.0
d__Bacteria;p__Firmicutes;c__Bacilli;o__Lactobacillales;f__Aerococcaceae	0.0	22.0	0.0	22.0	46.0	49.0	8.0	21.0
d__Bacteria;p__Bacteroidota;c__Bacteroidia;o__Bacteroidales;f__Bacteroidaceae	315.0	869.0	5260.0	847.0	924.0	4822.0	7041.0	530.0
d__Bacteria;p__Chloroflexi;c__Ktedonobacteria;o__MVP-21;f__MVP-21	3.0	0.0	0.0	0.0	0.0	0.0	0.0	0.0
d__Bacteria;p__Bacteroidota;c__Bacteroidia;o__Bacteroidales;f__Prevotellaceae	0.0	124.0	221.0	136.0	1886.0	290.0	343.0	170.0
d__Bacteria;p__Bacteroidota;c__Bacteroidia;o__Sphingobacteriales;f__uncultured	0.0	0.0	0.0	17.0	18.0	14.0	0.0	0.0
d__Bacteria;p__Bacteroidota;c__Bacteroidia;o__Bacteroidales;f__Marinifilaceae	0.0	38.0	5.0	3.0	0.0	32.0	2.0	27.0
d__Bacteria;p__Bacteroidota;c__Bacteroidia;o__Flavobacteriales;f__Weeksellaceae	0.0	20.0	12.0	9.0	12.0	25.0	10.0	10.0
d__Bacteria;p__Bacteroidota;c__Bacteroidia;o__Flavobacteriales;f__NS9_marine_group	0.0	0.0	0.0	16.0	8.0	15.0	3.0	0.0
d__Bacteria;p__Bacteroidota;c__Bacteroidia;o__Bacteroidales;f__Dysgonomonadaceae	0.0	0.0	14.0	13.0	0.0	0.0	8.0	10.0
d__Bacteria;p__Bacteroidota;c__Bacteroidia;o__Bacteroidales;f__GZKB124	0.0	2.0	0.0	0.0	0.0	4.0	0.0	3.0
d__Bacteria;p__Bacteroidota;c__Bacteroidia;o__Sphingobacteriales;f__ST-12K33	0.0	4.0	0.0	4.0	0.0	0.0	0.0	4.0
d__Bacteria;p__Bacteroidota;c__Bacteroidia;o__Bacteroidales;f__Barnesiellaceae	6.0	18.0	83.0	37.0	27.0	81.0	64.0	9.0
d__Bacteria;p__Bacteroidota;c__Bacteroidia;o__Sphingobacteriales;f__AKYH767	0.0	0.0	7.0	13.0	14.0	8.0	0.0	0.0
d__Bacteria;p__Bacteroidota;c__Bacteroidia;o__Bacteroidales;f__F082	0.0	0.0	17.0	4.0	0.0	6.0	16.0	0.0
d__Bacteria;p__Bacteroidota;c__Bacteroidia;o__Sphingobacteriales;f__LiUU-11-161	0.0	0.0	0.0	0.0	10.0	0.0	0.0	0.0
d__Bacteria;p__Bacteroidota;c__Bacteroidia;o__Sphingobacteriales;f__Sphingobacteriaceae	0.0	55.0	11.0	15.0	27.0	11.0	8.0	10.0
d__Bacteria;p__Bacteroidota;c__Bacteroidia;o__Bacteroidales;f__Tannerellaceae	25.0	104.0	224.0	44.0	53.0	197.0	141.0	46.0
d__Bacteria;p__Bacteroidota;c__Bacteroidia;o__Sphingobacteriales;f__S15A-MN91	0.0	0.0	0.0	6.0	0.0	0.0	0.0	0.0
d__Bacteria;p__Planctomycetota;c__Phycisphaerae;o__MSBL9;f__4572-13	18.0	45.0	49.0	4.0	0.0	0.0	0.0	0.0
d__Bacteria;p__Planctomycetota;c__Phycisphaerae;o__MSBL9;f__KCLunmb-38-53	74.0	24.0	95.0	9.0	14.0	0.0	0.0	25.0
d__Bacteria;p__SAR324_clade(Marine_group_B);c__SAR324_clade(Marine_group_B);o__SAR324_clade(Marine_group_B);f__SAR324_clade(Marine_group_B)	377.0	409.0	328.0	932.0	982.0	870.0	167.0	178.0
d__Bacteria;p__Dependentiae;c__Babeliae;o__Babeliales;f__UBA12411	0.0	4.0	0.0	0.0	3.0	3.0	0.0	0.0
d__Bacteria;p__Bdellovibrionota;c__Oligoflexia;o__0319-6G20;f__0319-6G20	130.0	154.0	116.0	78.0	206.0	180.0	2.0	10.0
d__Bacteria;p__Proteobacteria;c__Alphaproteobacteria;o__Rhodospirillales;f__uncultured	0.0	7.0	4.0	25.0	17.0	36.0	8.0	7.0
d__Bacteria;p__Proteobacteria;__;__;__	0.0	0.0	13.0	0.0	0.0	3.0	0.0	8.0
d__Bacteria;p__Campilobacterota;c__Campylobacteria;o__Campylobacterales;__	21.0	5.0	0.0	0.0	0.0	0.0	0.0	0.0
d__Bacteria;p__Campilobacterota;c__Campylobacteria;o__Campylobacterales;f__Rs-M59_termite_group	0.0	0.0	0.0	0.0	0.0	0.0	0.0	8.0
d__Bacteria;p__Desulfobacterota;c__Desulfobaccia;o__Desulfobaccales;f__Desulfobaccaceae	92.0	64.0	100.0	84.0	63.0	91.0	35.0	42.0
d__Bacteria;p__NB1-j;c__NB1-j;o__NB1-j;f__NB1-j	37.0	107.0	27.0	0.0	0.0	0.0	0.0	6.0
d__Bacteria;p__FW113;c__FW113;o__FW113;f__FW113	0.0	7.0	0.0	0.0	0.0	0.0	0.0	0.0
d__Bacteria;p__Elusimicrobiota;c__Rs-M47;o__Rs-M47;f__Rs-M47	0.0	6.0	0.0	13.0	17.0	5.0	0.0	2.0
d__Bacteria;p__Proteobacteria;c__Gammaproteobacteria;o__Cardiobacteriales;f__Cardiobacteriaceae	0.0	5.0	0.0	0.0	0.0	0.0	0.0	8.0
d__Bacteria;p__Proteobacteria;c__Gammaproteobacteria;o__Thiomicrospirales;f__Thiomicrospiraceae	2005.0	140.0	200.0	0.0	0.0	0.0	14.0	0.0
d__Bacteria;p__Proteobacteria;c__Alphaproteobacteria;o__Rhodobacterales;f__Rhodobacteraceae	301.0	408.0	190.0	436.0	32.0	69.0	23.0	96.0
d__Bacteria;p__Desulfobacterota;c__Syntrophobacteria;o__Syntrophobacterales;f__Syntrophobacteraceae	202.0	147.0	160.0	409.0	401.0	309.0	63.0	46.0
d__Bacteria;p__Acidobacteriota;c__AT-s3-28;o__AT-s3-28;f__AT-s3-28	0.0	28.0	38.0	5.0	0.0	0.0	0.0	0.0
d__Bacteria;p__Acidobacteriota;c__Holophagae;o__Acanthopleuribacterales;f__Acanthopleuribacteraceae	10.0	13.0	0.0	0.0	0.0	0.0	0.0	0.0
d__Bacteria;p__Desulfobacterota;__;__;__	17.0	11.0	19.0	11.0	0.0	0.0	0.0	0.0
d__Bacteria;p__Desulfobacterota;c__uncultured;o__uncultured;f__uncultured	2006.0	1364.0	1811.0	4687.0	5297.0	4443.0	983.0	636.0
d__Bacteria;p__Sva0485;c__Sva0485;o__Sva0485;f__Sva0485	4723.0	3811.0	4479.0	10420.0	11597.0	10485.0	2344.0	1655.0
d__Bacteria;p__Actinobacteriota;c__Actinobacteria;__;__	0.0	0.0	3.0	0.0	0.0	0.0	0.0	12.0
d__Bacteria;p__Desulfobacterota;c__Desulfobacteria;o__Desulfobacterales;f__Desulfococcaceae	15.0	0.0	0.0	0.0	0.0	0.0	0.0	0.0
d__Bacteria;p__Acidobacteriota;c__Holophagae;o__Subgroup_7;f__Subgroup_7	8.0	20.0	27.0	31.0	16.0	26.0	36.0	29.0
d__Bacteria;p__Desulfobacterota;c__Desulfobacteria;o__Desulfobacterales;f__Desulfobacteraceae	9.0	0.0	0.0	0.0	0.0	0.0	0.0	0.0
d__Bacteria;p__Desulfobacterota;c__Desulfobacteria;o__Desulfobacterales;__	0.0	101.0	10.0	0.0	0.0	0.0	0.0	0.0
d__Bacteria;p__Desulfobacterota;c__Desulfobacteria;o__Desulfobacterales;f__Desulfobacterales	11.0	15.0	0.0	0.0	0.0	0.0	0.0	0.0
d__Bacteria;p__Acidobacteriota;c__Holophagae;o__Holophagales;f__Holophagaceae	0.0	0.0	19.0	56.0	16.0	70.0	24.0	12.0
d__Bacteria;p__Desulfobacterota;c__Desulfobacteria;o__Desulfatiglandales;f__Desulfatiglandaceae	4353.0	3143.0	4520.0	785.0	762.0	606.0	935.0	739.0
d__Bacteria;p__Proteobacteria;c__Alphaproteobacteria;o__Puniceispirillales;f__SAR116_clade	5.0	0.0	0.0	20.0	0.0	0.0	0.0	0.0
d__Bacteria;p__Dependentiae;c__Babeliae;o__Babeliales;f__Babeliaceae	0.0	0.0	0.0	3.0	0.0	4.0	0.0	0.0
d__Bacteria;p__Verrucomicrobiota;c__Lentisphaeria;o__Oligosphaerales;f__Lenti-02	0.0	0.0	0.0	5.0	2.0	0.0	0.0	0.0
d__Bacteria;p__Verrucomicrobiota;c__Verrucomicrobiae;o__Opitutales;f__Opitutaceae	32.0	22.0	34.0	125.0	148.0	45.0	35.0	0.0
d__Bacteria;p__Firmicutes;c__Clostridia;o__Eubacteriales;__	0.0	3.0	0.0	0.0	0.0	0.0	0.0	0.0
d__Bacteria;p__Nitrospirota;c__Nitrospiria;o__Nitrospirales;f__Nitrospiraceae	12.0	33.0	28.0	10.0	9.0	124.0	9.0	14.0
d__Bacteria;p__Desulfobacterota;c__Syntrophobacteria;o__Syntrophobacterales;f__uncultured	1442.0	1524.0	1451.0	251.0	193.0	154.0	329.0	335.0
d__Bacteria;p__Verrucomicrobiota;c__Lentisphaeria;o__SS1-B-02-17;f__SS1-B-02-17	0.0	7.0	0.0	0.0	0.0	0.0	0.0	0.0
d__Bacteria;p__Planctomycetota;c__Phycisphaerae;o__MSBL9;f__MSBL9	10.0	10.0	0.0	28.0	24.0	11.0	0.0	0.0
d__Bacteria;p__Chloroflexi;c__TK10;o__TK10;f__TK10	0.0	8.0	0.0	0.0	0.0	0.0	0.0	3.0
d__Bacteria;p__Firmicutes;c__Negativicutes;o__Acidaminococcales;f__Acidaminococcaceae	41.0	66.0	242.0	98.0	93.0	199.0	246.0	29.0
d__Bacteria;p__MBNT15;c__MBNT15;o__MBNT15;f__MBNT15	281.0	229.0	128.0	63.0	55.0	82.0	30.0	46.0
d__Bacteria;p__Bdellovibrionota;c__Bdellovibrionia;o__Bdellovibrionales;f__Bdellovibrionaceae	0.0	8.0	0.0	13.0	2.0	0.0	0.0	6.0
d__Bacteria;p__Proteobacteria;c__Alphaproteobacteria;o__Rhizobiales;f__Xanthobacteraceae	235.0	314.0	266.0	612.0	782.0	791.0	107.0	72.0
d__Bacteria;p__Proteobacteria;c__Alphaproteobacteria;o__Rhizobiales;f__Rhizobiaceae	0.0	78.0	108.0	43.0	78.0	59.0	78.0	47.0
d__Bacteria;p__Desulfobacterota;c__Desulfomonilia;o__Desulfomonilales;f__Desulfomonilaceae	53.0	33.0	34.0	99.0	99.0	45.0	23.0	0.0
d__Bacteria;p__Proteobacteria;c__Alphaproteobacteria;o__Acetobacterales;f__Acetobacteraceae	82.0	68.0	54.0	57.0	125.0	244.0	14.0	18.0
d__Bacteria;p__Planctomycetota;c__Phycisphaerae;__;__	3.0	0.0	0.0	0.0	5.0	2.0	8.0	0.0
d__Bacteria;p__Planctomycetota;c__Phycisphaerae;o__mle1-8;f__mle1-8	22.0	17.0	31.0	0.0	5.0	13.0	0.0	0.0
d__Bacteria;p__Myxococcota;c__bacteriap25;o__bacteriap25;f__bacteriap25	92.0	85.0	61.0	159.0	142.0	107.0	44.0	27.0
d__Bacteria;p__Proteobacteria;c__Alphaproteobacteria;o__Defluviicoccales;f__uncultured	0.0	3.0	0.0	4.0	0.0	0.0	0.0	0.0
d__Bacteria;p__Proteobacteria;c__Alphaproteobacteria;o__Reyranellales;f__Reyranellaceae	15.0	17.0	17.0	28.0	32.0	36.0	22.0	12.0
d__Bacteria;p__Proteobacteria;c__Alphaproteobacteria;o__Caulobacterales;f__Caulobacteraceae	231.0	409.0	328.0	647.0	757.0	1033.0	211.0	197.0
d__Bacteria;p__Methylomirabilota;c__Methylomirabilia;o__Rokubacteriales;f__Rokubacteriales	0.0	8.0	0.0	0.0	0.0	0.0	0.0	0.0
d__Bacteria;p__Acidobacteriota;c__Acidobacteriae;o__Subgroup_2;f__Subgroup_2	243.0	284.0	337.0	1080.0	1137.0	2430.0	127.0	74.0
d__Bacteria;p__DTB120;c__DTB120;o__DTB120;f__DTB120	340.0	292.0	321.0	70.0	147.0	17.0	10.0	9.0
d__Bacteria;p__Verrucomicrobiota;c__Verrucomicrobiae;o__S-BQ2-57_soil_group;f__S-BQ2-57_soil_group	50.0	60.0	58.0	171.0	180.0	73.0	22.0	18.0
d__Bacteria;p__Armatimonadota;c__Chthonomonadetes;o__Chthonomonadales;f__Chthonomonadaceae	0.0	3.0	3.0	0.0	2.0	0.0	0.0	0.0
d__Bacteria;p__Armatimonadota;c__Armatimonadia;o__Armatimonadales;f__Armatimonadales	0.0	0.0	0.0	0.0	0.0	5.0	0.0	0.0
d__Bacteria;p__Armatimonadota;c__Chthonomonadetes;o__Chthonomonadales;f__Chthonomonadales	0.0	0.0	11.0	21.0	22.0	30.0	4.0	9.0
d__Bacteria;p__Armatimonadota;c__uncultured;o__uncultured;f__uncultured	53.0	93.0	184.0	242.0	468.0	193.0	89.0	29.0
d__Bacteria;p__Armatimonadota;__;__;__	0.0	0.0	0.0	0.0	18.0	0.0	0.0	0.0
d__Bacteria;p__Actinobacteriota;c__Thermoleophilia;o__Gaiellales;f__uncultured	253.0	202.0	360.0	163.0	137.0	175.0	135.0	56.0
d__Bacteria;p__Marinimicrobia_(SAR406_clade);c__Marinimicrobia_(SAR406_clade);o__Marinimicrobia_(SAR406_clade);f__Marinimicrobia_(SAR406_clade)	0.0	39.0	43.0	9.0	0.0	0.0	14.0	17.0
d__Bacteria;p__LCP-89;c__LCP-89;o__LCP-89;f__LCP-89	627.0	440.0	768.0	361.0	246.0	142.0	236.0	73.0
d__Bacteria;p__Gemmatimonadota;c__Gemmatimonadetes;o__Gemmatimonadales;f__Gemmatimonadaceae	41.0	191.0	86.0	15.0	12.0	18.0	25.0	58.0
d__Bacteria;p__Calditrichota;c__Calditrichia;o__Calditrichales;f__Calditrichaceae	1628.0	1891.0	1566.0	38.0	32.0	20.0	266.0	444.0
d__Bacteria;p__Armatimonadota;c__DG-56;o__DG-56;f__DG-56	59.0	76.0	88.0	84.0	103.0	171.0	18.0	0.0
d__Bacteria;p__Firmicutes;c__Desulfitobacteriia;o__Desulfitobacteriales;f__uncultured	0.0	4.0	0.0	0.0	0.0	0.0	0.0	0.0
d__Bacteria;p__Gemmatimonadota;c__BD2-11_terrestrial_group;o__BD2-11_terrestrial_group;f__BD2-11_terrestrial_group	117.0	317.0	52.0	12.0	0.0	0.0	0.0	87.0
d__Bacteria;p__Patescibacteria;c__Parcubacteria;o__UBA9983;f__UBA9983	0.0	0.0	0.0	48.0	15.0	16.0	0.0	0.0
d__Bacteria;p__Bacteroidota;c__Kapabacteria;o__Kapabacteriales;f__Kapabacteriales	22.0	29.0	33.0	91.0	92.0	59.0	16.0	13.0
d__Bacteria;p__CK-2C2-2;c__CK-2C2-2;o__CK-2C2-2;f__CK-2C2-2	61.0	52.0	70.0	0.0	0.0	0.0	17.0	13.0
d__Bacteria;p__Bacteroidota;c__SJA-28;o__SJA-28;f__SJA-28	227.0	210.0	227.0	1056.0	913.0	1200.0	176.0	149.0
d__Bacteria;p__Bacteroidota;__;__;__	0.0	0.0	0.0	15.0	0.0	0.0	0.0	0.0
d__Bacteria;p__Edwardsbacteria;c__Edwardsbacteria;o__Edwardsbacteria;f__Edwardsbacteria	0.0	0.0	8.0	3.0	5.0	0.0	5.0	0.0
d__Bacteria;p__Bacteroidota;c__Rhodothermia;o__Rhodothermales;f__Rhodothermaceae	7.0	34.0	0.0	7.0	0.0	0.0	0.0	0.0
d__Bacteria;p__Actinobacteriota;c__RBG-16-55-12;o__RBG-16-55-12;f__RBG-16-55-12	55.0	49.0	36.0	4.0	22.0	0.0	29.0	9.0
d__Bacteria;p__Actinobacteriota;__;__;__	0.0	0.0	0.0	15.0	12.0	39.0	0.0	0.0
d__Bacteria;p__Actinobacteriota;c__Thermoleophilia;o__Solirubrobacterales;f__67-14	0.0	0.0	33.0	18.0	15.0	4.0	23.0	8.0
d__Bacteria;p__Actinobacteriota;c__WCHB1-81;o__WCHB1-81;f__WCHB1-81	37.0	16.0	52.0	32.0	46.0	12.0	21.0	13.0
d__Bacteria;p__Actinobacteriota;c__Actinobacteria;o__0319-7L14;f__0319-7L14	0.0	6.0	0.0	0.0	0.0	0.0	0.0	0.0
d__Bacteria;p__Cyanobacteria;c__Vampirivibrionia;o__Gastranaerophilales;f__Gastranaerophilales	0.0	0.0	0.0	23.0	0.0	8.0	0.0	0.0
d__Bacteria;p__Firmicutes;c__Bacilli;o__Bacillales;f__Planococcaceae	180.0	210.0	166.0	510.0	413.0	353.0	70.0	35.0
d__Bacteria;p__Fermentibacterota;c__Fermentibacteria;o__Fermentibacterales;f__Fermentibacteraceae	0.0	7.0	0.0	0.0	0.0	0.0	0.0	4.0
d__Bacteria;p__Firmicutes;c__Desulfotomaculia;o__Desulfotomaculales;f__Desulfotomaculales	63.0	12.0	22.0	0.0	0.0	0.0	0.0	0.0
d__Bacteria;p__Actinobacteriota;c__Actinobacteria;o__Propionibacteriales;f__Nocardioidaceae	0.0	0.0	30.0	19.0	0.0	37.0	24.0	0.0
d__Bacteria;p__Bacteroidota;c__Ignavibacteria;o__Ignavibacteriales;f__Ignavibacteriales	0.0	2.0	0.0	9.0	0.0	18.0	0.0	0.0
d__Bacteria;p__Bacteroidota;c__Rhodothermia;o__Balneolales;f__Balneolaceae	0.0	0.0	0.0	3.0	20.0	0.0	0.0	0.0
d__Bacteria;p__Firmicutes;c__Bacilli;o__Paenibacillales;f__Paenibacillaceae	15.0	21.0	23.0	149.0	312.0	138.0	25.0	11.0
d__Bacteria;p__Firmicutes;c__Bacilli;o__Bacillales;f__Sporolactobacillaceae	0.0	0.0	0.0	0.0	0.0	0.0	15.0	8.0
d__Bacteria;p__Firmicutes;c__Negativicutes;o__Veillonellales-Selenomonadales;f__Sporomusaceae	12.0	19.0	12.0	135.0	131.0	23.0	32.0	3.0
d__Bacteria;p__Cloacimonadota;c__Cloacimonadia;o__Cloacimonadales;f__MSBL8	0.0	9.0	0.0	0.0	0.0	0.0	0.0	0.0
d__Bacteria;p__Cloacimonadota;c__Cloacimonadia;o__Cloacimonadales;f__Cloacimonadales	0.0	0.0	0.0	0.0	9.0	0.0	0.0	0.0
d__Bacteria;p__Cloacimonadota;c__Cloacimonadia;o__Cloacimonadales;f__PBS-18	0.0	0.0	0.0	97.0	6.0	7.0	3.0	0.0
d__Bacteria;p__Cloacimonadota;c__Cloacimonadia;o__Cloacimonadales;__	0.0	0.0	0.0	16.0	0.0	10.0	0.0	0.0
d__Bacteria;p__GN01;c__GN01;o__GN01;f__GN01	49.0	54.0	62.0	122.0	169.0	128.0	43.0	27.0
d__Bacteria;p__WS1;c__WS1;o__WS1;f__WS1	0.0	12.0	6.0	9.0	0.0	5.0	0.0	0.0
d__Bacteria;p__Firmicutes;c__Thermoanaerobacteria;o__Thermoanaerobacterales;f__Family_III	0.0	8.0	0.0	0.0	0.0	0.0	0.0	5.0
d__Bacteria;p__Firmicutes;c__Syntrophomonadia;o__Syntrophomonadales;f__Syntrophomonadaceae	30.0	10.0	39.0	10.0	0.0	3.0	7.0	14.0
d__Bacteria;p__Armatimonadota;c__Fimbriimonadia;o__Fimbriimonadales;__	0.0	0.0	0.0	5.0	0.0	10.0	0.0	0.0
d__Bacteria;p__Firmicutes;c__Clostridia;o__Thermincolales;f__Thermincolaceae	0.0	0.0	0.0	4.0	6.0	0.0	0.0	0.0
d__Bacteria;p__Actinobacteriota;c__Actinobacteria;o__Corynebacteriales;f__Corynebacteriaceae	18.0	111.0	76.0	2695.0	2760.0	2619.0	1617.0	1256.0
d__Bacteria;p__Actinobacteriota;c__Actinobacteria;o__Corynebacteriales;f__Dietziaceae	0.0	0.0	0.0	15.0	174.0	16.0	10.0	12.0
d__Bacteria;p__Actinobacteriota;c__Actinobacteria;o__Corynebacteriales;f__Nocardiaceae	15.0	10.0	0.0	0.0	0.0	10.0	0.0	9.0
d__Bacteria;p__Actinobacteriota;c__Actinobacteria;o__Corynebacteriales;f__Mycobacteriaceae	0.0	10.0	15.0	14.0	0.0	42.0	0.0	5.0
d__Bacteria;p__Firmicutes;c__BRH-c20a;o__BRH-c20a;f__BRH-c20a	0.0	0.0	0.0	0.0	6.0	0.0	0.0	0.0
d__Bacteria;p__Acidobacteriota;c__Blastocatellia;o__11-24;f__11-24	5.0	0.0	7.0	0.0	0.0	11.0	0.0	0.0
d__Bacteria;p__Firmicutes;c__Clostridia;o__Clostridiales;f__Caloramatoraceae	53.0	46.0	56.0	325.0	483.0	220.0	115.0	95.0
d__Bacteria;p__Synergistota;c__Synergistia;o__Synergistales;f__Synergistaceae	0.0	0.0	0.0	3.0	0.0	14.0	0.0	5.0
d__Bacteria;p__Firmicutes;c__Clostridia;o__Clostridia;f__Gracilibacteraceae	0.0	0.0	0.0	0.0	32.0	14.0	6.0	0.0
d__Bacteria;p__Firmicutes;c__Limnochordia;o__Limnochordia;f__Limnochordia	47.0	0.0	21.0	141.0	214.0	25.0	25.0	17.0
d__Bacteria;p__Firmicutes;c__Clostridia;o__Peptococcales;f__Peptococcaceae	0.0	0.0	0.0	0.0	14.0	5.0	0.0	0.0
d__Bacteria;p__Firmicutes;c__Clostridia;o__Clostridiales;f__Oxobacteraceae	0.0	0.0	5.0	14.0	33.0	0.0	0.0	13.0
d__Bacteria;p__Firmicutes;c__Clostridia;o__Caldicoprobacterales;f__Caldicoprobacteraceae	0.0	0.0	0.0	0.0	7.0	0.0	0.0	0.0
d__Bacteria;p__Proteobacteria;c__Alphaproteobacteria;o__uncultured;f__uncultured	86.0	61.0	63.0	206.0	241.0	379.0	72.0	38.0
d__Bacteria;p__Firmicutes;c__Clostridia;o__Oscillospirales;__	0.0	7.0	0.0	7.0	8.0	0.0	0.0	0.0
d__Bacteria;p__Firmicutes;c__Clostridia;o__uncultured;f__uncultured	0.0	0.0	0.0	24.0	12.0	0.0	0.0	0.0
d__Bacteria;p__Caldisericota;c__Caldisericia;o__Caldisericales;f__WCHB1-02	0.0	0.0	0.0	9.0	5.0	0.0	0.0	0.0
d__Bacteria;p__Chloroflexi;c__Ktedonobacteria;o__C0119;f__C0119	0.0	0.0	0.0	0.0	5.0	13.0	5.0	0.0
d__Bacteria;p__Firmicutes;c__Negativicutes;o__Veillonellales-Selenomonadales;f__Veillonellaceae	11.0	39.0	38.0	815.0	4174.0	711.0	511.0	331.0
d__Bacteria;p__Actinobacteriota;c__Actinobacteria;o__Frankiales;f__Acidothermaceae	9.0	10.0	14.0	17.0	31.0	11.0	16.0	7.0
d__Bacteria;p__Actinobacteriota;c__Actinobacteria;o__Streptomycetales;f__Streptomycetaceae	0.0	49.0	0.0	17.0	14.0	0.0	0.0	47.0
d__Bacteria;p__Actinobacteriota;c__Actinobacteria;o__Propionibacteriales;f__Propionibacteriaceae	0.0	67.0	151.0	104.0	150.0	115.0	208.0	74.0
d__Bacteria;p__Actinobacteriota;c__Actinobacteria;o__Frankiales;__	0.0	0.0	0.0	0.0	0.0	7.0	12.0	0.0
d__Bacteria;p__Actinobacteriota;c__Actinobacteria;o__Frankiales;f__Geodermatophilaceae	0.0	6.0	8.0	9.0	0.0	0.0	13.0	8.0
d__Bacteria;p__Actinobacteriota;c__Actinobacteria;o__Streptosporangiales;f__Thermomonosporaceae	0.0	0.0	8.0	5.0	3.0	9.0	10.0	2.0
d__Bacteria;p__Actinobacteriota;c__Actinobacteria;o__Micrococcales;f__Cellulomonadaceae	0.0	0.0	7.0	0.0	0.0	0.0	11.0	0.0
d__Bacteria;p__Actinobacteriota;c__Actinobacteria;o__Micrococcales;f__Promicromonosporaceae	0.0	0.0	0.0	0.0	9.0	0.0	0.0	0.0
d__Bacteria;p__Caldatribacteriota;c__JS1;o__JS1;f__JS1	8.0	17.0	15.0	0.0	0.0	0.0	4.0	0.0
d__Bacteria;p__Actinobacteriota;c__Actinobacteria;o__Pseudonocardiales;f__Pseudonocardiaceae	10.0	15.0	11.0	14.0	0.0	0.0	0.0	0.0
d__Bacteria;p__Actinobacteriota;c__Actinobacteria;o__Micrococcales;f__Bogoriellaceae	0.0	14.0	0.0	0.0	0.0	0.0	0.0	16.0
d__Bacteria;p__Actinobacteriota;c__Actinobacteria;o__Micrococcales;f__Intrasporangiaceae	20.0	7.0	11.0	23.0	39.0	45.0	20.0	18.0
d__Bacteria;p__Actinobacteriota;c__Actinobacteria;o__Micrococcales;f__Dermabacteraceae	0.0	0.0	0.0	10.0	16.0	13.0	12.0	7.0
d__Bacteria;p__Cyanobacteria;c__Vampirivibrionia;o__Vampirovibrionales;f__Vampirovibrionaceae	0.0	0.0	0.0	0.0	5.0	0.0	0.0	0.0
d__Bacteria;p__Firmicutes;c__Bacilli;o__Exiguobacterales;f__Exiguobacteraceae	0.0	0.0	0.0	0.0	11.0	0.0	0.0	0.0
d__Bacteria;p__Firmicutes;c__Bacilli;o__Thermoactinomycetales;f__Thermoactinomycetaceae	0.0	0.0	0.0	0.0	0.0	6.0	0.0	0.0
d__Bacteria;p__Firmicutes;c__Bacilli;o__Bacillales;__	159.0	127.0	210.0	525.0	579.0	289.0	202.0	92.0
d__Bacteria;p__Firmicutes;c__Bacilli;__;__	0.0	0.0	0.0	0.0	0.0	0.0	0.0	7.0
d__Bacteria;p__Firmicutes;c__Bacilli;o__Staphylococcales;f__Gemellaceae	0.0	21.0	24.0	0.0	43.0	0.0	14.0	10.0
d__Bacteria;p__Firmicutes;c__Negativicutes;o__Veillonellales-Selenomonadales;f__Selenomonadaceae	47.0	82.0	269.0	68.0	104.0	241.0	276.0	52.0
d__Bacteria;p__Firmicutes;c__Bacilli;o__Lactobacillales;f__Carnobacteriaceae	0.0	34.0	19.0	0.0	28.0	27.0	16.0	17.0
d__Bacteria;p__Firmicutes;c__Negativicutes;o__Veillonellales-Selenomonadales;__	0.0	0.0	0.0	17.0	0.0	11.0	0.0	0.0
d__Bacteria;p__Firmicutes;c__Desulfitobacteriia;o__Desulfitobacteriales;f__Desulfitobacteriaceae	0.0	0.0	0.0	18.0	0.0	0.0	0.0	0.0
d__Bacteria;p__Firmicutes;c__Negativicutes;o__Veillonellales-Selenomonadales;f__uncultured	17.0	0.0	11.0	18.0	56.0	18.0	14.0	10.0
d__Bacteria;p__Firmicutes;c__Incertae_Sedis;o__DTU014;f__DTU014	0.0	0.0	0.0	6.0	0.0	0.0	0.0	0.0
d__Bacteria;p__Firmicutes;c__Clostridia;o__Eubacteriales;f__Eubacteriales	0.0	5.0	0.0	0.0	0.0	0.0	0.0	0.0
d__Bacteria;p__Chloroflexi;c__Chloroflexia;o__Thermomicrobiales;__	0.0	0.0	2.0	0.0	0.0	0.0	0.0	0.0
d__Bacteria;p__Chloroflexi;c__Ktedonobacteria;o__Ktedonobacterales;f__Ktedonobacteraceae	31.0	32.0	14.0	246.0	318.0	52.0	35.0	18.0
d__Bacteria;p__Spirochaetota;c__MVP-15;o__MVP-15;f__MVP-15	3.0	0.0	0.0	11.0	0.0	0.0	0.0	4.0
d__Bacteria;p__Chloroflexi;c__Chloroflexia;o__Thermomicrobiales;f__JG30-KF-CM45	0.0	0.0	0.0	0.0	3.0	0.0	0.0	0.0
d__Bacteria;p__Chloroflexi;c__Ktedonobacteria;o__Ktedonobacterales;f__JG30-KF-AS9	2.0	3.0	8.0	11.0	8.0	0.0	15.0	3.0
d__Bacteria;p__Actinobacteriota;c__Acidimicrobiia;__;__	0.0	0.0	0.0	0.0	0.0	7.0	0.0	0.0
d__Bacteria;p__Bacteroidota;c__Ignavibacteria;o__Ignavibacteriales;f__Ignavibacteriaceae	200.0	417.0	192.0	577.0	542.0	1038.0	192.0	253.0
d__Bacteria;p__Fibrobacterota;c__Chitinivibrionia;o__uncultured;f__uncultured	50.0	70.0	108.0	163.0	207.0	79.0	32.0	30.0
d__Bacteria;p__Bacteroidota;c__Kryptonia;o__Kryptoniales;f__MSB-3C8	0.0	7.0	7.0	48.0	45.0	38.0	0.0	0.0
d__Bacteria;p__Chloroflexi;c__OLB14;o__OLB14;f__OLB14	0.0	0.0	0.0	5.0	9.0	26.0	3.0	0.0
d__Bacteria;p__Actinobacteriota;c__Acidimicrobiia;o__Microtrichales;f__uncultured	0.0	9.0	15.0	10.0	9.0	0.0	22.0	0.0
d__Bacteria;p__GAL15;c__GAL15;o__GAL15;f__GAL15	0.0	0.0	16.0	9.0	10.0	6.0	30.0	4.0
d__Bacteria;p__Halanaerobiaeota;c__Halanaerobiia;o__Halanaerobiales;f__Halobacteroidaceae	36.0	36.0	36.0	50.0	58.0	38.0	18.0	0.0
d__Bacteria;p__Chloroflexi;c__KD4-96;o__KD4-96;f__KD4-96	126.0	117.0	112.0	305.0	300.0	381.0	49.0	33.0
d__Bacteria;p__Armatimonadota;c__Fimbriimonadia;o__Fimbriimonadales;f__Fimbriimonadaceae	22.0	17.0	17.0	65.0	35.0	86.0	11.0	3.0
d__Bacteria;p__Actinobacteriota;c__Thermoleophilia;o__Gaiellales;f__Gaiellaceae	0.0	0.0	14.0	32.0	18.0	51.0	10.0	9.0
d__Bacteria;p__Abditibacteriota;c__Abditibacteria;o__Abditibacteriales;f__Abditibacteriaceae	0.0	4.0	0.0	0.0	15.0	0.0	0.0	0.0
d__Bacteria;p__Chloroflexi;c__Dehalococcoidia;o__S085;f__S085	9.0	0.0	10.0	0.0	0.0	7.0	0.0	0.0
d__Bacteria;p__Bacteroidota;c__Ignavibacteria;o__Ignavibacteriales;f__Melioribacteraceae	22.0	58.0	20.0	0.0	0.0	0.0	0.0	22.0
d__Bacteria;p__Bacteroidota;c__Ignavibacteria;o__Ignavibacteriales;f__PHOS-HE36	4.0	8.0	0.0	0.0	0.0	0.0	0.0	0.0
d__Bacteria;p__Bacteroidota;c__Ignavibacteria;o__Ignavibacteriales;__	14.0	34.0	39.0	41.0	89.0	85.0	17.0	0.0
d__Bacteria;p__Bacteroidota;c__Ignavibacteria;o__Ignavibacteriales;f__LD-RB-34	0.0	4.0	9.0	0.0	0.0	0.0	0.0	0.0
d__Bacteria;p__Firmicutes;c__Clostridia;o__Monoglobales;f__Monoglobaceae	0.0	0.0	0.0	0.0	8.0	23.0	0.0	6.0
d__Bacteria;p__Bacteroidota;c__Ignavibacteria;o__Ignavibacteriales;f__SR-FBR-L83	23.0	19.0	23.0	6.0	0.0	0.0	0.0	0.0
d__Bacteria;p__Bacteria;c__Bacteria;o__Bacteria;f__Bacteria	0.0	0.0	0.0	0.0	10.0	9.0	0.0	0.0
d__Bacteria;p__Firmicutes;c__Clostridia;o__Oscillospirales;f__Ethanoligenenaceae	0.0	0.0	0.0	5.0	0.0	0.0	0.0	0.0
d__Bacteria;p__Bacteroidota;c__Bacteroidia;o__Cytophagales;f__Cyclobacteriaceae	136.0	293.0	68.0	23.0	15.0	0.0	23.0	84.0
d__Bacteria;p__Bacteroidota;c__Bacteroidia;o__SM1A07;f__SM1A07	0.0	0.0	0.0	3.0	0.0	0.0	2.0	0.0
d__Bacteria;p__Cyanobacteria;c__Vampirivibrionia;o__Caenarcaniphilales;f__Caenarcaniphilales	0.0	0.0	0.0	0.0	0.0	4.0	0.0	0.0
d__Bacteria;p__Actinobacteriota;c__Thermoleophilia;o__Gaiellales;__	0.0	0.0	0.0	0.0	0.0	9.0	0.0	0.0
d__Bacteria;p__Myxococcota;c__Polyangia;o__VHS-B3-70;f__VHS-B3-70	53.0	30.0	42.0	111.0	44.0	23.0	18.0	19.0
d__Bacteria;p__Actinobacteriota;c__Acidimicrobiia;o__Microtrichales;f__Iamiaceae	0.0	3.0	0.0	0.0	11.0	0.0	0.0	0.0
d__Bacteria;p__Actinobacteriota;c__Actinobacteria;o__Micromonosporales;f__Micromonosporaceae	0.0	0.0	0.0	0.0	0.0	25.0	16.0	17.0
d__Bacteria;p__Actinobacteriota;c__Actinobacteria;o__PeM15;f__PeM15	0.0	18.0	0.0	0.0	0.0	0.0	0.0	7.0
d__Bacteria;p__Actinobacteriota;c__Acidimicrobiia;o__Actinomarinales;f__Actinomarinaceae	0.0	0.0	0.0	143.0	2.0	0.0	0.0	0.0
d__Bacteria;p__Actinobacteriota;c__Acidimicrobiia;o__IMCC26256;f__IMCC26256	5.0	4.0	14.0	43.0	28.0	89.0	0.0	0.0
d__Bacteria;p__Actinobacteriota;c__Acidimicrobiia;o__Microtrichales;f__Microtrichaceae	0.0	0.0	0.0	9.0	0.0	0.0	0.0	0.0
d__Bacteria;p__Actinobacteriota;c__Actinobacteria;o__Streptosporangiales;f__Streptosporangiaceae	0.0	0.0	0.0	0.0	0.0	0.0	0.0	4.0
d__Bacteria;p__Cyanobacteria;c__Vampirivibrionia;o__Obscuribacterales;f__Obscuribacteraceae	0.0	0.0	0.0	4.0	12.0	8.0	4.0	0.0
d__Bacteria;p__Firmicutes;c__Bacilli;o__Lactobacillales;__	10.0	88.0	29.0	17.0	23.0	17.0	33.0	40.0
d__Bacteria;p__Firmicutes;c__Bacilli;o__Lactobacillales;f__Catellicoccaceae	0.0	0.0	0.0	0.0	0.0	0.0	0.0	9.0
d__Bacteria;p__Firmicutes;c__Bacilli;o__Brevibacillales;f__Brevibacillaceae	8.0	9.0	0.0	22.0	10.0	13.0	0.0	5.0
d__Bacteria;p__Actinobacteriota;c__Coriobacteriia;o__CG2-30-50-142;f__CG2-30-50-142	0.0	0.0	0.0	7.0	0.0	0.0	0.0	0.0
d__Bacteria;p__Firmicutes;c__Symbiobacteriia;o__Symbiobacteriales;f__Symbiobacteraceae	0.0	0.0	0.0	0.0	0.0	4.0	0.0	0.0
d__Bacteria;p__Bacteroidota;c__Bacteroidia;o__Cytophagales;f__Hymenobacteraceae	0.0	3.0	0.0	5.0	6.0	24.0	0.0	0.0
d__Bacteria;p__Bacteroidota;c__Bacteroidia;o__Cytophagales;__	9.0	0.0	0.0	6.0	6.0	0.0	0.0	0.0
d__Bacteria;p__Bacteroidota;c__Bacteroidia;o__Cytophagales;f__MWH-CFBk5	0.0	0.0	0.0	8.0	0.0	0.0	0.0	0.0
d__Bacteria;p__Bacteroidota;c__Bacteroidia;o__Cytophagales;f__Spirosomaceae	0.0	0.0	10.0	4.0	0.0	0.0	3.0	0.0
d__Bacteria;p__Bdellovibrionota;c__Oligoflexia;o__Oligoflexales;f__Oligoflexales	0.0	3.0	0.0	0.0	0.0	0.0	0.0	0.0
d__Bacteria;p__Hydrogenedentes;c__Hydrogenedentia;o__Hydrogenedentiales;f__Hydrogenedensaceae	12.0	14.0	14.0	76.0	61.0	61.0	0.0	0.0
d__Bacteria;p__Bdellovibrionota;c__Oligoflexia;o__Oligoflexales;f__uncultured	0.0	2.0	20.0	4.0	6.0	5.0	15.0	0.0
d__Bacteria;p__Fibrobacterota;c__Fibrobacteria;o__Fibrobacterales;f__Fibrobacterales	19.0	62.0	37.0	27.0	31.0	50.0	13.0	20.0
d__Bacteria;p__Proteobacteria;c__Alphaproteobacteria;o__Rhizobiales;f__Rhodomicrobiaceae	11.0	0.0	13.0	72.0	39.0	31.0	0.0	0.0
d__Bacteria;p__Proteobacteria;c__Alphaproteobacteria;o__Rhizobiales;f__Hyphomicrobiaceae	29.0	41.0	79.0	72.0	46.0	107.0	60.0	0.0
d__Bacteria;p__Proteobacteria;c__Alphaproteobacteria;o__Rhizobiales;f__Stappiaceae	0.0	0.0	31.0	13.0	17.0	11.0	29.0	0.0
d__Bacteria;p__Proteobacteria;c__Alphaproteobacteria;o__Defluviicoccales;f__Defluviicoccaceae	24.0	12.0	0.0	0.0	0.0	0.0	0.0	0.0
d__Bacteria;p__RCP2-54;c__RCP2-54;o__RCP2-54;f__RCP2-54	0.0	16.0	5.0	16.0	0.0	0.0	0.0	5.0
d__Bacteria;p__Desulfobacterota;c__Desulfuromonadia;o__PB19;f__PB19	0.0	10.0	0.0	0.0	0.0	7.0	0.0	0.0
d__Bacteria;p__Desulfobacterota;c__Dissulfuribacteria;o__Dissulfuribacterales;f__Dissulfuribacteraceae	12.0	9.0	0.0	0.0	0.0	0.0	0.0	10.0
d__Bacteria;p__Proteobacteria;c__Alphaproteobacteria;o__Rhodospirillales;f__AEGEAN-169_marine_group	0.0	2.0	0.0	128.0	11.0	5.0	6.0	0.0
d__Bacteria;p__Verrucomicrobiota;c__Verrucomicrobiae;o__Verrucomicrobiales;f__Akkermansiaceae	3.0	25.0	15.0	22.0	38.0	58.0	10.0	32.0
d__Bacteria;p__Fibrobacterota;c__Fibrobacteria;o__Fibrobacterales;f__B122	76.0	36.0	77.0	249.0	335.0	277.0	65.0	23.0
d__Bacteria;p__Fibrobacterota;c__Fibrobacteria;o__Fibrobacterales;__	0.0	3.0	0.0	19.0	21.0	0.0	0.0	0.0
d__Bacteria;p__Fibrobacterota;c__Fibrobacteria;o__Fibrobacterales;f__TG3	14.0	8.0	32.0	11.0	9.0	16.0	0.0	0.0
d__Bacteria;p__Fibrobacterota;c__Fibrobacteria;o__Fibrobacterales;f__MAT-CR-H6-H10	0.0	7.0	0.0	0.0	4.0	11.0	0.0	0.0
d__Bacteria;p__Desulfobacterota;c__Desulfobulbia;o__Desulfobulbales;f__Desulfobulbaceae	114.0	371.0	49.0	11.0	5.0	6.0	0.0	103.0
d__Bacteria;p__Acidobacteriota;c__c5LKS83;o__c5LKS83;f__c5LKS83	0.0	8.0	0.0	0.0	0.0	0.0	0.0	0.0
d__Bacteria;p__Deferrisomatota;c__Defferrisomatia;o__Defferrisomatales;f__Defferrisomataceae	28.0	94.0	0.0	7.0	9.0	16.0	0.0	11.0
d__Bacteria;p__Gemmatimonadota;c__PAUC43f_marine_benthic_group;o__PAUC43f_marine_benthic_group;f__PAUC43f_marine_benthic_group	37.0	56.0	15.0	0.0	0.0	0.0	0.0	19.0
d__Bacteria;p__Poribacteria;c__Poribacteria;o__Poribacteria;f__Poribacteria	204.0	176.0	818.0	49.0	42.0	34.0	205.0	8.0
d__Bacteria;p__Acidobacteriota;c__Subgroup_26;o__Subgroup_26;f__Subgroup_26	3.0	4.0	0.0	0.0	0.0	0.0	0.0	0.0
d__Bacteria;p__Verrucomicrobiota;c__Verrucomicrobiae;o__Methylacidiphilales;f__Methylacidiphilaceae	0.0	0.0	0.0	14.0	11.0	10.0	0.0	3.0
d__Bacteria;p__Verrucomicrobiota;c__Verrucomicrobiae;o__Verrucomicrobiales;f__Verrucomicrobiaceae	0.0	0.0	0.0	5.0	0.0	0.0	0.0	0.0
d__Bacteria;p__Planctomycetota;c__Phycisphaerae;o__MSBL9;f__SM23-30	17.0	31.0	21.0	25.0	33.0	0.0	0.0	12.0
d__Bacteria;p__Planctomycetota;c__Phycisphaerae;o__Phycisphaerales;f__AKAU3564_sediment_group	9.0	8.0	10.0	12.0	46.0	47.0	0.0	0.0
d__Bacteria;p__Planctomycetota;c__SPG12-343-353-B69;o__SPG12-343-353-B69;f__SPG12-343-353-B69	0.0	0.0	7.0	0.0	0.0	0.0	0.0	5.0
d__Bacteria;p__Planctomycetota;c__Phycisphaerae;o__Amsterdam-1B-07;f__Amsterdam-1B-07	0.0	5.0	0.0	0.0	0.0	0.0	3.0	3.0
d__Bacteria;p__Planctomycetota;c__Phycisphaerae;o__MSBL9;__	6.0	0.0	12.0	0.0	17.0	0.0	6.0	0.0
d__Bacteria;p__Planctomycetota;c__Phycisphaerae;o__Pla1_lineage;f__Pla1_lineage	7.0	0.0	59.0	44.0	52.0	21.0	12.0	0.0
d__Bacteria;p__Planctomycetota;c__Phycisphaerae;o__S-70;f__S-70	0.0	6.0	0.0	0.0	7.0	17.0	0.0	0.0
d__Bacteria;p__Proteobacteria;c__Alphaproteobacteria;o__Micavibrionales;f__Micavibrionaceae	0.0	2.0	8.0	0.0	0.0	0.0	10.0	0.0
d__Bacteria;p__Nitrospirota;c__Thermodesulfovibrionia;o__uncultured;f__uncultured	1533.0	859.0	1110.0	883.0	641.0	839.0	265.0	169.0
d__Bacteria;p__Desulfobacterota;c__Desulfuromonadia;__;__	5.0	41.0	0.0	7.0	0.0	18.0	0.0	14.0
d__Bacteria;p__Desulfobacterota;c__Syntrophia;o__Syntrophales;f__Syntrophaceae	172.0	167.0	146.0	869.0	724.0	535.0	121.0	97.0
d__Bacteria;p__Desulfobacterota;c__Syntrophia;o__Syntrophales;f__uncultured	78.0	53.0	89.0	527.0	464.0	409.0	30.0	28.0
d__Bacteria;p__Desulfobacterota;c__Syntrophia;o__Syntrophales;__	982.0	828.0	840.0	3011.0	3105.0	2555.0	617.0	418.0
d__Bacteria;p__Desulfobacterota;c__Syntrophia;o__Syntrophales;f__Smithellaceae	115.0	67.0	137.0	717.0	766.0	477.0	132.0	61.0
d__Bacteria;p__Gemmatimonadota;c__S0134_terrestrial_group;o__S0134_terrestrial_group;f__S0134_terrestrial_group	5.0	12.0	6.0	0.0	0.0	0.0	0.0	0.0
d__Bacteria;p__Desulfobacterota;c__Desulfuromonadia;o__Bradymonadales;f__Bradymonadales	0.0	10.0	15.0	0.0	0.0	6.0	0.0	0.0
d__Bacteria;p__Verrucomicrobiota;c__Chlamydiae;o__LD1-PA32;f__LD1-PA32	29.0	9.0	17.0	9.0	23.0	26.0	11.0	3.0
d__Bacteria;p__Planctomycetota;c__Brocadiae;o__SM23-32;f__SM23-32	2.0	0.0	0.0	0.0	0.0	0.0	0.0	0.0
d__Bacteria;p__Entotheonellaeota;c__Entotheonellia;o__Entotheonellales;f__Entotheonellaceae	0.0	11.0	11.0	4.0	3.0	9.0	10.0	4.0
d__Bacteria;p__Planctomycetota;c__Phycisphaerae;o__C86;f__C86	0.0	0.0	9.0	0.0	0.0	0.0	0.0	0.0
d__Bacteria;p__Proteobacteria;c__Alphaproteobacteria;o__Paracaedibacterales;f__Paracaedibacteraceae	6.0	9.0	3.0	0.0	0.0	18.0	0.0	0.0
d__Bacteria;p__Firestonebacteria;c__Firestonebacteria;o__Firestonebacteria;f__Firestonebacteria	7.0	0.0	8.0	66.0	120.0	99.0	14.0	5.0
d__Bacteria;p__Elusimicrobiota;c__4-29;o__4-29;f__4-29	2.0	0.0	0.0	0.0	0.0	0.0	0.0	0.0
d__Bacteria;p__Acidobacteriota;c__Acidobacteriae;o__Subgroup_12;f__Subgroup_12	19.0	19.0	17.0	34.0	80.0	67.0	6.0	0.0
d__Bacteria;p__Methylomirabilota;c__Methylomirabilia;o__Methylomirabilales;f__Methylomirabilaceae	255.0	133.0	172.0	524.0	565.0	1008.0	134.0	45.0
d__Bacteria;p__Proteobacteria;c__Alphaproteobacteria;o__Rickettsiales;f__SM2D12	0.0	0.0	0.0	15.0	0.0	0.0	0.0	0.0
d__Bacteria;p__Desulfobacterota;c__Desulfobacteria;o__Desulfobacterales;f__uncultured	55.0	59.0	87.0	145.0	169.0	138.0	46.0	28.0
d__Bacteria;p__Acidobacteriota;c__Acidobacteriae;o__Bryobacterales;f__Bryobacteraceae	217.0	202.0	246.0	977.0	925.0	1015.0	163.0	78.0
d__Bacteria;p__Acidobacteriota;c__Acidobacteriae;o__Acidobacteriae;f__Acidobacteriae	9.0	0.0	43.0	100.0	81.0	46.0	42.0	18.0
d__Bacteria;p__Acidobacteriota;c__Acidobacteriae;o__PAUC26f;f__PAUC26f	0.0	0.0	0.0	0.0	0.0	12.0	0.0	0.0
d__Bacteria;p__Bdellovibrionota;c__Oligoflexia;o__Silvanigrellales;f__Silvanigrellaceae	3.0	0.0	5.0	2.0	3.0	0.0	0.0	0.0
d__Bacteria;p__Proteobacteria;c__Alphaproteobacteria;o__Rhodospirillales;f__Rhodospirillaceae	5.0	9.0	6.0	9.0	31.0	15.0	0.0	0.0
d__Bacteria;p__Proteobacteria;c__Alphaproteobacteria;o__Rhodospirillales;f__Magnetospirillaceae	143.0	143.0	116.0	44.0	194.0	171.0	13.0	10.0
d__Bacteria;p__Proteobacteria;c__Alphaproteobacteria;o__Rhizobiales;__	0.0	0.0	0.0	25.0	28.0	46.0	7.0	0.0
d__Bacteria;p__Proteobacteria;c__Alphaproteobacteria;o__Parvibaculales;f__Parvibaculaceae	8.0	0.0	0.0	39.0	11.0	37.0	0.0	4.0
d__Bacteria;p__Proteobacteria;c__Alphaproteobacteria;o__Caulobacterales;f__Hyphomonadaceae	11.0	26.0	7.0	17.0	17.0	58.0	11.0	10.0
d__Bacteria;p__Proteobacteria;c__Alphaproteobacteria;o__Rhizobiales;f__Rhodobiaceae	17.0	0.0	0.0	0.0	0.0	15.0	0.0	0.0
d__Bacteria;p__Proteobacteria;c__Alphaproteobacteria;o__Rhizobiales;f__Methyloligellaceae	13.0	31.0	0.0	24.0	5.0	0.0	0.0	0.0
d__Bacteria;p__Proteobacteria;c__Alphaproteobacteria;__;__	0.0	11.0	0.0	7.0	5.0	30.0	0.0	0.0
d__Bacteria;p__Proteobacteria;c__Alphaproteobacteria;o__Micropepsales;f__Micropepsaceae	40.0	58.0	56.0	277.0	282.0	287.0	35.0	47.0
d__Bacteria;p__Proteobacteria;c__Alphaproteobacteria;o__Rhizobiales;f__KF-JG30-B3	20.0	27.0	0.0	18.0	17.0	32.0	0.0	0.0
d__Bacteria;p__Proteobacteria;c__Alphaproteobacteria;o__Parvibaculales;f__uncultured	0.0	5.0	0.0	0.0	0.0	0.0	0.0	0.0
d__Bacteria;p__Proteobacteria;c__Alphaproteobacteria;o__Rhizobiales;f__Rhizobiales_Incertae_Sedis	11.0	22.0	7.0	0.0	0.0	0.0	15.0	5.0
d__Bacteria;p__Modulibacteria;c__Moduliflexia;o__Moduliflexales;f__Moduliflexaceae	56.0	119.0	28.0	0.0	0.0	0.0	0.0	15.0
d__Bacteria;p__Desulfobacterota;c__Desulfobulbia;o__Desulfobulbales;f__Desulfocapsaceae	53.0	139.0	0.0	4.0	0.0	0.0	0.0	43.0
d__Bacteria;p__Gemmatimonadota;c__Longimicrobia;o__Longimicrobiales;f__Longimicrobiaceae	0.0	4.0	0.0	0.0	0.0	0.0	0.0	0.0
d__Bacteria;p__Proteobacteria;c__Alphaproteobacteria;o__Rhizobiales;f__A0839	7.0	13.0	6.0	33.0	56.0	25.0	8.0	0.0
d__Bacteria;p__Proteobacteria;c__Alphaproteobacteria;o__Zavarziniales;f__uncultured	0.0	0.0	0.0	9.0	0.0	0.0	0.0	0.0
d__Bacteria;p__Proteobacteria;c__Alphaproteobacteria;o__Rickettsiales;__	0.0	0.0	0.0	0.0	4.0	0.0	0.0	0.0
d__Bacteria;p__NKB15;c__NKB15;o__NKB15;f__NKB15	148.0	207.0	160.0	307.0	353.0	273.0	26.0	56.0
d__Bacteria;p__Myxococcota;c__Polyangia;o__Blfdi19;f__Blfdi19	0.0	0.0	0.0	20.0	5.0	4.0	0.0	0.0
d__Bacteria;p__Fibrobacterota;c__Fibrobacteria;o__Fibrobacterales;f__Fibrobacteraceae	0.0	21.0	19.0	3.0	8.0	0.0	7.0	0.0
d__Bacteria;p__Fibrobacterota;c__Fibrobacteria;o__Fibrobacterales;f__SBYC	0.0	0.0	14.0	0.0	0.0	0.0	0.0	0.0
d__Bacteria;p__Proteobacteria;c__Alphaproteobacteria;o__Acetobacterales;f__Acetobacterales	0.0	0.0	0.0	0.0	0.0	6.0	0.0	0.0
d__Bacteria;p__Acidobacteriota;c__Vicinamibacteria;o__Vicinamibacterales;f__uncultured	37.0	71.0	63.0	192.0	181.0	155.0	68.0	26.0
d__Bacteria;p__Acidobacteriota;c__Vicinamibacteria;o__Subgroup_9;f__Subgroup_9	28.0	86.0	8.0	0.0	0.0	0.0	0.0	13.0
d__Bacteria;p__Desulfobacterota;c__Desulfobulbia;o__Desulfobulbales;__	0.0	7.0	0.0	0.0	0.0	0.0	0.0	11.0
d__Bacteria;p__Proteobacteria;c__Alphaproteobacteria;o__Elsterales;f__URHD0088	0.0	0.0	0.0	0.0	0.0	13.0	0.0	0.0
d__Bacteria;p__Acidobacteriota;c__Vicinamibacteria;o__Subgroup_17;f__Subgroup_17	22.0	50.0	223.0	107.0	106.0	188.0	229.0	42.0
d__Bacteria;p__Proteobacteria;c__Alphaproteobacteria;o__Elsterales;f__uncultured	40.0	51.0	105.0	213.0	240.0	398.0	54.0	68.0
d__Bacteria;p__Acidobacteriota;c__Subgroup_11;o__Subgroup_11;f__Subgroup_11	39.0	54.0	59.0	19.0	28.0	131.0	9.0	5.0
d__Bacteria;p__Desulfobacterota;c__Desulfobulbia;o__Desulfobulbales;f__uncultured	0.0	24.0	0.0	0.0	0.0	0.0	0.0	0.0
d__Bacteria;p__AncK6;c__AncK6;o__AncK6;f__AncK6	14.0	0.0	7.0	48.0	33.0	30.0	5.0	8.0
d__Bacteria;p__Proteobacteria;c__Alphaproteobacteria;o__Elsterales;__	0.0	0.0	0.0	0.0	8.0	0.0	0.0	0.0
d__Bacteria;p__Acidobacteriota;c__Subgroup_21;o__Subgroup_21;f__Subgroup_21	58.0	93.0	48.0	0.0	0.0	0.0	9.0	30.0
d__Bacteria;p__Proteobacteria;c__Alphaproteobacteria;o__Kiloniellales;f__Kiloniellaceae	9.0	20.0	0.0	0.0	0.0	0.0	0.0	7.0
d__Bacteria;p__Proteobacteria;c__Magnetococcia;o__Magnetococcales;f__Magnetococcaceae	0.0	4.0	0.0	0.0	0.0	0.0	0.0	0.0
d__Bacteria;p__Acidobacteriota;c__Subgroup_18;o__Subgroup_18;f__Subgroup_18	1698.0	1531.0	2336.0	3859.0	4178.0	5206.0	853.0	463.0
d__Bacteria;p__Acidobacteriota;c__Blastocatellia;o__DS-100;f__DS-100	0.0	6.0	0.0	0.0	0.0	0.0	0.0	4.0
d__Bacteria;p__Proteobacteria;c__Alphaproteobacteria;o__Azospirillales;f__Azospirillaceae	0.0	12.0	10.0	0.0	0.0	29.0	0.0	0.0
d__Bacteria;p__Acidobacteriota;c__Vicinamibacteria;o__Vicinamibacterales;f__Vicinamibacteraceae	26.0	33.0	31.0	17.0	33.0	48.0	0.0	16.0
d__Bacteria;p__Proteobacteria;c__Alphaproteobacteria;o__Puniceispirillales;f__uncultured	0.0	0.0	0.0	7.0	0.0	0.0	0.0	0.0
d__Bacteria;p__Proteobacteria;c__Alphaproteobacteria;o__Dongiales;f__Dongiaceae	6.0	20.0	4.0	8.0	8.0	0.0	0.0	7.0
d__Bacteria;p__Desulfobacterota;c__Syntrophorhabdia;o__Syntrophorhabdales;f__Syntrophorhabdaceae	454.0	495.0	564.0	1898.0	1725.0	1571.0	296.0	186.0
d__Bacteria;p__Proteobacteria;c__Alphaproteobacteria;o__Azospirillales;f__Inquilinaceae	9.0	17.0	0.0	23.0	51.0	69.0	0.0	0.0
d__Bacteria;p__Acidobacteriota;c__Subgroup_5;o__Subgroup_5;f__Subgroup_5	14.0	20.0	8.0	45.0	32.0	76.0	15.0	16.0
d__Bacteria;p__Proteobacteria;c__Alphaproteobacteria;o__Thalassobaculales;f__uncultured	0.0	0.0	20.0	15.0	10.0	14.0	30.0	7.0
d__Bacteria;p__Proteobacteria;c__Alphaproteobacteria;o__Rhodospirillales;f__Terasakiellaceae	2.0	0.0	0.0	3.0	0.0	0.0	0.0	0.0
d__Bacteria;p__Nitrospinota;c__P9X2b3D02;o__P9X2b3D02;f__P9X2b3D02	14.0	0.0	0.0	0.0	0.0	0.0	0.0	0.0
d__Bacteria;p__Acidobacteriota;c__Acidobacteriota;o__Acidobacteriota;f__Acidobacteriota	64.0	65.0	69.0	128.0	129.0	34.0	27.0	0.0
d__Bacteria;p__Acidobacteriota;c__Acidobacteriae;o__Subgroup_13;f__Subgroup_13	95.0	9.0	139.0	60.0	62.0	108.0	74.0	12.0
d__Bacteria;p__Proteobacteria;c__Alphaproteobacteria;o__Rickettsiales;f__S25-593	0.0	0.0	0.0	19.0	0.0	0.0	0.0	0.0
d__Bacteria;p__Acidobacteriota;c__Acidobacteriae;__;__	57.0	8.0	34.0	155.0	166.0	197.0	25.0	22.0
d__Bacteria;p__Acidobacteriota;c__Acidobacteriae;o__AKIW659;f__AKIW659	78.0	68.0	60.0	186.0	252.0	158.0	24.0	17.0
d__Bacteria;p__Nitrospirota;c__Thermodesulfovibrionia;o__Thermodesulfovibrionales;f__Thermodesulfovibrionaceae	0.0	6.0	0.0	0.0	0.0	0.0	0.0	0.0
d__Bacteria;p__Spirochaetota;c__V2072-189E03;o__V2072-189E03;f__V2072-189E03	0.0	0.0	0.0	14.0	15.0	3.0	0.0	0.0
d__Bacteria;p__TX1A-33;c__TX1A-33;o__TX1A-33;f__TX1A-33	7.0	0.0	0.0	6.0	12.0	7.0	0.0	0.0
d__Bacteria;p__Desulfobacterota;c__Desulfuromonadia;o__Desulfuromonadia;f__Geopsychrobacteraceae	0.0	61.0	0.0	0.0	0.0	0.0	0.0	0.0
d__Bacteria;p__Desulfobacterota;c__Desulfuromonadia;o__Desulfuromonadia;__	95.0	136.0	56.0	0.0	0.0	0.0	24.0	49.0
d__Bacteria;p__Desulfobacterota;c__Desulfuromonadia;o__Desulfuromonadia;f__Desulfuromonadaceae	0.0	54.0	0.0	0.0	0.0	0.0	0.0	0.0
d__Bacteria;p__Desulfobacterota;c__Desulfuromonadia;o__Geobacterales;f__Geobacteraceae	688.0	678.0	612.0	1472.0	1405.0	1921.0	372.0	282.0
d__Bacteria;p__Desulfobacterota;c__Desulfuromonadia;o__Desulfuromonadia;f__Geothermobacteraceae	0.0	85.0	0.0	0.0	0.0	0.0	0.0	0.0
d__Bacteria;p__Myxococcota;c__Myxococcia;o__Myxococcales;f__Anaeromyxobacteraceae	46.0	35.0	35.0	162.0	256.0	123.0	25.0	7.0
d__Bacteria;p__Myxococcota;c__Myxococcia;o__Myxococcales;__	4.0	0.0	0.0	15.0	9.0	0.0	0.0	0.0
d__Bacteria;p__Desulfobacterota;c__Desulfuromonadia;o__Desulfuromonadia;f__Syntrophotaleaceae	113.0	76.0	74.0	0.0	0.0	0.0	0.0	28.0
d__Bacteria;p__Desulfobacterota;c__Desulfuromonadia;o__C8S-102;f__C8S-102	0.0	9.0	0.0	0.0	0.0	0.0	0.0	0.0
d__Bacteria;p__Acidobacteriota;__;__;__	0.0	0.0	0.0	16.0	51.0	25.0	0.0	0.0
d__Bacteria;p__Acidobacteriota;c__Acidobacteriae;o__Acidobacteriales;f__uncultured	387.0	342.0	395.0	250.0	423.0	1016.0	27.0	0.0
d__Bacteria;p__Acidobacteriota;c__Acidobacteriae;o__Acidobacteriales;__	0.0	8.0	5.0	14.0	13.0	56.0	8.0	3.0
d__Bacteria;p__Acidobacteriota;c__Acidobacteriae;o__Acidobacteriales;f__Acidobacteriaceae_(Subgroup_1)	28.0	44.0	39.0	120.0	117.0	106.0	54.0	33.0
d__Bacteria;p__Acidobacteriota;c__Acidobacteriae;o__Acidobacteriales;f__Acidobacteriales	0.0	0.0	0.0	0.0	0.0	10.0	0.0	0.0
d__Bacteria;p__Acidobacteriota;c__Acidobacteriae;o__Acidobacteriales;f__Koribacteraceae	31.0	51.0	40.0	72.0	119.0	110.0	0.0	0.0
d__Bacteria;p__Verrucomicrobiota;c__Lentisphaeria;o__Victivallales;f__vadinBE97	0.0	0.0	0.0	2.0	0.0	0.0	0.0	0.0
d__Bacteria;p__Verrucomicrobiota;c__Verrucomicrobiae;o__Chthoniobacterales;f__Chthoniobacteraceae	0.0	12.0	10.0	20.0	27.0	8.0	0.0	0.0
d__Bacteria;p__Verrucomicrobiota;c__Lentisphaeria;o__Victivallales;f__PRD18C08	3.0	2.0	0.0	7.0	8.0	7.0	0.0	4.0
d__Bacteria;p__Deferribacterota;c__Deferribacteres;o__Deferribacterales;f__Deferribacteraceae	0.0	22.0	10.0	14.0	14.0	16.0	15.0	20.0
d__Bacteria;p__Acidobacteriota;c__Acidobacteriae;o__GOUTB8;f__GOUTB8	48.0	43.0	61.0	179.0	121.0	367.0	33.0	0.0
d__Bacteria;p__Acidobacteriota;c__Acidobacteriae;o__TSBb06;f__TSBb06	25.0	0.0	24.0	33.0	25.0	69.0	15.0	0.0
d__Bacteria;p__Proteobacteria;c__Alphaproteobacteria;o__Elsterales;f__Elsteraceae	0.0	0.0	0.0	0.0	0.0	0.0	0.0	7.0
d__Bacteria;p__Acidobacteriota;c__Acidobacteriae;o__Solibacterales;f__Solibacteraceae	174.0	166.0	240.0	631.0	652.0	647.0	101.0	37.0
d__Archaea;__;__;__;__	1650.0	849.0	1344.0	112.0	145.0	7.0	24.0	46.0
d__Archaea;p__Asgardarchaeota;c__Lokiarchaeia;o__Lokiarchaeia;f__Lokiarchaeia	855.0	597.0	1439.0	427.0	362.0	93.0	76.0	83.0
d__Bacteria;p__PAUC34f;c__PAUC34f;o__PAUC34f;f__PAUC34f	17.0	16.0	34.0	41.0	16.0	8.0	2.0	0.0
d__Bacteria;p__Verrucomicrobiota;c__Verrucomicrobiae;o__Pedosphaerales;f__Pedosphaeraceae	830.0	866.0	826.0	3879.0	4016.0	3819.0	476.0	349.0
d__Bacteria;p__Verrucomicrobiota;c__Verrucomicrobiae;o__Chthoniobacterales;f__Xiphinematobacteraceae	0.0	0.0	0.0	0.0	0.0	0.0	0.0	2.0
d__Bacteria;p__Verrucomicrobiota;c__Verrucomicrobiae;o__B29;f__B29	0.0	0.0	0.0	19.0	12.0	0.0	0.0	0.0
d__Bacteria;p__Verrucomicrobiota;c__Verrucomicrobiae;o__Chthoniobacterales;f__Terrimicrobiaceae	4.0	0.0	0.0	10.0	0.0	0.0	0.0	0.0
d__Bacteria;p__Proteobacteria;c__Zetaproteobacteria;o__Mariprofundales;f__Mariprofundaceae	0.0	9.0	0.0	0.0	0.0	0.0	0.0	0.0
d__Bacteria;p__Nitrospirota;c__4-29-1;o__4-29-1;f__4-29-1	528.0	493.0	500.0	2496.0	1716.0	2240.0	330.0	255.0
d__Bacteria;p__Proteobacteria;c__Alphaproteobacteria;o__Rhizobiales;f__Devosiaceae	0.0	5.0	0.0	11.0	7.0	38.0	17.0	0.0
d__Bacteria;p__Nitrospirota;c__Leptospirillia;o__Leptospirillales;f__Leptospirillaceae	4.0	0.0	11.0	8.0	0.0	15.0	5.0	4.0
d__Bacteria;p__Verrucomicrobiota;c__Kiritimatiellae;o__WCHB1-41;f__WCHB1-41	0.0	9.0	8.0	243.0	162.0	76.0	8.0	19.0
d__Bacteria;p__Acidobacteriota;c__Blastocatellia;o__Blastocatellales;f__Blastocatellaceae	0.0	5.0	0.0	0.0	3.0	8.0	6.0	10.0
d__Bacteria;p__Proteobacteria;c__Proteobacteria;o__Proteobacteria;f__Proteobacteria	0.0	10.0	0.0	0.0	0.0	0.0	0.0	0.0
d__Bacteria;p__Acidobacteriota;c__Blastocatellia;__;__	0.0	0.0	0.0	5.0	0.0	0.0	0.0	0.0
d__Bacteria;p__Verrucomicrobiota;c__Verrucomicrobiae;__;__	0.0	5.0	0.0	0.0	8.0	3.0	0.0	0.0
d__Bacteria;p__Verrucomicrobiota;c__Lentisphaeria;o__Victivallales;f__GWF2-44-16	2.0	0.0	0.0	9.0	10.0	5.0	0.0	0.0
d__Bacteria;p__Fibrobacterota;c__Fibrobacteria;o__Fibrobacterales;f__B5-096	0.0	0.0	6.0	11.0	2.0	18.0	3.0	0.0
d__Bacteria;p__Verrucomicrobiota;c__Lentisphaeria;o__Victivallales;f__BD2-3	0.0	0.0	0.0	2.0	0.0	0.0	0.0	3.0
d__Bacteria;p__Planctomycetota;c__Phycisphaerae;o__DG-20;f__DG-20	0.0	5.0	0.0	0.0	0.0	0.0	0.0	0.0
d__Archaea;p__Nanoarchaeota;c__Nanoarchaeia;o__Woesearchaeales;f__CG1-02-57-44	9.0	0.0	0.0	11.0	5.0	3.0	0.0	0.0
d__Archaea;p__Nanoarchaeota;c__Nanoarchaeia;o__Woesearchaeales;f__GW2011	0.0	3.0	18.0	296.0	75.0	32.0	10.0	14.0
d__Archaea;p__Micrarchaeota;c__Micrarchaeia;o__Micrarchaeales;f__Micrarchaeales	20.0	33.0	87.0	58.0	22.0	17.0	13.0	0.0
d__Eukaryota;__;__;__;__	0.0	8.0	0.0	0.0	3.0	0.0	0.0	0.0
d__Archaea;p__Halobacterota;c__Archaeoglobi;o__Archaeoglobales;f__Archaeoglobaceae	5.0	2.0	5.0	0.0	0.0	0.0	0.0	0.0
d__Archaea;p__Thermoplasmatota;c__Thermoplasmata;o__Marine_Benthic_Group_D_and_DHVEG-1;f__Marine_Benthic_Group_D_and_DHVEG-1	1251.0	1183.0	1871.0	2323.0	1098.0	353.0	312.0	162.0
d__Archaea;p__Nanoarchaeota;c__Nanoarchaeia;o__Woesearchaeales;__	30.0	18.0	16.0	87.0	65.0	7.0	7.0	2.0
d__Archaea;p__Nanoarchaeota;c__Nanoarchaeia;o__Woesearchaeales;f__GW2011_GWC1_47_15	22.0	18.0	24.0	128.0	124.0	19.0	2.0	0.0
d__Archaea;p__Aenigmarchaeota;c__Deep_Sea_Euryarchaeotic_Group(DSEG);o__Deep_Sea_Euryarchaeotic_Group(DSEG);f__Deep_Sea_Euryarchaeotic_Group(DSEG)	130.0	77.0	121.0	410.0	205.0	117.0	33.0	28.0
d__Archaea;p__Halobacterota;__;__;__	6.0	0.0	4.0	0.0	0.0	0.0	0.0	0.0
d__Archaea;p__Asgardarchaeota;c__Odinarchaeia;o__Odinarchaeia;f__Odinarchaeia	61.0	66.0	69.0	0.0	0.0	0.0	0.0	0.0
d__Archaea;p__Asgardarchaeota;c__Heimdallarchaeia;o__Heimdallarchaeia;f__Heimdallarchaeia	0.0	0.0	10.0	0.0	0.0	0.0	0.0	0.0
d__Archaea;p__Altiarchaeota;c__Altiarchaeia;o__Altiarchaeales;f__Altiarchaeaceae	43.0	50.0	59.0	192.0	121.0	60.0	26.0	4.0
d__Archaea;p__Thermoplasmatota;c__Thermoplasmata;o__Thermoplasmata;f__Thermoplasmata	35.0	29.0	31.0	0.0	0.0	0.0	7.0	0.0
d__Archaea;p__Halobacterota;c__Methanosarcinia;o__Methanosarciniales;f__Methanosaetaceae	363.0	182.0	272.0	586.0	243.0	655.0	54.0	23.0
d__Archaea;p__Halobacterota;c__Methanosarcinia;o__Methanosarciniales;f__ANME-2a-2b	243.0	39.0	54.0	0.0	0.0	0.0	4.0	0.0
d__Archaea;p__Micrarchaeota;c__Micrarchaeia;o__Micrarchaeales;f__CG1-02-32-21	6.0	4.0	0.0	18.0	0.0	11.0	2.0	0.0
d__Archaea;p__Euryarchaeota;c__Methanobacteria;o__Methanobacteriales;f__Methanobacteriaceae	68.0	53.0	71.0	324.0	159.0	144.0	129.0	2.0
d__Archaea;p__Thermoplasmatota;c__Thermoplasmatota;o__Thermoplasmatota;f__Thermoplasmatota	31.0	12.0	8.0	0.0	0.0	0.0	0.0	0.0
d__Archaea;p__Halobacterota;c__Methanosarcinia;o__Methanosarciniales;f__Methanoperedenaceae	0.0	0.0	0.0	7.0	24.0	6.0	0.0	0.0
d__Archaea;p__Asgardarchaeota;c__Asgardarchaeota;o__Asgardarchaeota;f__Asgardarchaeota	15.0	9.0	5.0	0.0	0.0	0.0	2.0	0.0
d__Archaea;p__Thermoplasmatota;c__Thermoplasmata;o__Marine_Group_II;f__Marine_Group_II	0.0	0.0	3.0	4.0	0.0	0.0	37.0	0.0
d__Archaea;p__Thermoplasmatota;c__Thermoplasmata;o__JdFR-43;f__JdFR-43	52.0	35.0	100.0	0.0	0.0	0.0	0.0	9.0
d__Archaea;p__Crenarchaeota;c__Nitrososphaeria;o__SCGC_AB-179-E04;f__SCGC_AB-179-E04	53.0	27.0	19.0	37.0	31.0	67.0	0.0	0.0
d__Archaea;p__Crenarchaeota;c__Nitrososphaeria;o__Nitrosotaleales;f__Nitrosotaleaceae	103.0	76.0	77.0	617.0	349.0	135.0	57.0	53.0
d__Archaea;p__Crenarchaeota;c__Nitrososphaeria;o__Caldiarchaeales;f__Geothermarchaeaceae	7.0	6.0	5.0	0.0	0.0	0.0	0.0	0.0
d__Archaea;p__Crenarchaeota;c__Nitrososphaeria;o__Nitrosopumilales;f__Nitrosopumilaceae	0.0	0.0	0.0	28.0	0.0	0.0	0.0	8.0
d__Archaea;p__Euryarchaeota;__;__;__	3.0	2.0	0.0	0.0	0.0	0.0	0.0	0.0
d__Archaea;p__Crenarchaeota;c__Nitrososphaeria;o__Nitrososphaerales;f__Nitrososphaeraceae	34.0	0.0	12.0	9.0	15.0	3.0	0.0	0.0
d__Archaea;p__Crenarchaeota;c__Nitrososphaeria;o__Marine_Benthic_Group_A;f__Marine_Benthic_Group_A	59.0	21.0	42.0	48.0	42.0	21.0	13.0	0.0
d__Archaea;p__Crenarchaeota;c__Methanomethylicia;o__Methanomethyliales;f__Methanomethyliaceae	7.0	0.0	0.0	0.0	0.0	9.0	0.0	0.0
d__Archaea;p__Crenarchaeota;c__Nitrososphaeria;__;__	29.0	0.0	0.0	0.0	0.0	0.0	0.0	0.0
d__Archaea;p__Asgardarchaeota;__;__;__	38.0	0.0	14.0	0.0	0.0	0.0	0.0	0.0
d__Archaea;p__Thermoplasmatota;c__Thermoplasmata;o__uncultured;f__uncultured	280.0	339.0	331.0	206.0	91.0	104.0	28.0	27.0
d__Archaea;p__Halobacterota;c__Methanomicrobia;o__Methanomicrobiales;f__Methanomicrobiaceae	2460.0	203.0	331.0	345.0	240.0	399.0	14.0	10.0
d__Archaea;p__Halobacterota;c__Methanomicrobia;o__Methanomicrobiales;f__Methanomicrobiales	117.0	55.0	13.0	170.0	108.0	120.0	0.0	0.0
d__Archaea;p__Halobacterota;c__Methanosarcinia;o__Methanosarciniales;f__Syntrophoarchaeaceae	8.0	15.0	35.0	0.0	0.0	0.0	5.0	0.0
d__Archaea;p__Hydrothermarchaeota;c__Hydrothermarchaeia;o__Hydrothermarchaeales;f__Hydrothermarchaeales	8.0	0.0	9.0	0.0	0.0	0.0	0.0	0.0
d__Archaea;p__Halobacterota;c__Methanosarcinia;o__Methanosarciniales;f__Methanosarcinaceae	142.0	67.0	79.0	173.0	113.0	48.0	23.0	14.0
d__Archaea;p__Thermoplasmatota;c__Thermoplasmata;o__SG8-5;f__SG8-5	20.0	44.0	27.0	0.0	0.0	0.0	0.0	0.0
d__Archaea;p__Thermoplasmatota;c__Thermoplasmata;o__Methanomassiliicoccales;f__uncultured	370.0	228.0	359.0	1547.0	1489.0	372.0	34.0	34.0
d__Archaea;p__Halobacterota;c__Methanomicrobia;o__Methanomicrobiales;f__Methanoregulaceae	881.0	275.0	443.0	1788.0	1261.0	1097.0	112.0	94.0
d__Archaea;p__Halobacterota;c__ANME-1;o__ANME-1b;f__ANME-1b	72.0	8.0	21.0	0.0	0.0	0.0	7.0	0.0
d__Archaea;p__Halobacterota;c__Methanocellia;o__Methanocellales;f__Methanocellaceae	59.0	20.0	67.0	128.0	147.0	112.0	55.0	0.0
d__Archaea;p__Halobacterota;c__Methanomicrobia;o__Methanomicrobiales;f__Rice_Cluster_II	11.0	8.0	0.0	0.0	0.0	0.0	0.0	0.0
d__Archaea;p__Thermoplasmatota;c__Thermoplasmata;o__Methanomassiliicoccales;f__Methanomassiliicoccaceae	139.0	55.0	88.0	320.0	238.0	89.0	0.0	11.0
d__Archaea;p__Hadarchaeota;c__Hadarchaeia;o__Hadarchaeia;f__Hadarchaeales	3.0	0.0	0.0	0.0	0.0	0.0	0.0	0.0
d__Archaea;p__Thermoplasmatota;c__Thermoplasmata;__;__	0.0	0.0	0.0	0.0	3.0	0.0	0.0	0.0
d__Archaea;p__Aenigmarchaeota;__;__;__	3.0	0.0	0.0	2.0	0.0	3.0	0.0	0.0
d__Bacteria;p__Proteobacteria;c__Alphaproteobacteria;o__Rickettsiales;f__Mitochondria	4.0	96.0	6.0	23.0	39.0	27.0	27.0	288.0
d__Bacteria;p__Fibrobacterota;c__Fibrobacteria;o__Fibrobacterales;f__Candidatus_Raymondbacteria	0.0	0.0	0.0	58.0	44.0	15.0	4.0	0.0
d__Bacteria;p__Fibrobacterota;c__Fibrobacteria;o__Fibrobacterales;f__uncultured	0.0	0.0	0.0	0.0	0.0	22.0	6.0	3.0
d__Bacteria;p__Proteobacteria;c__Gammaproteobacteria;o__Burkholderiales;f__TRA3-20	24.0	12.0	0.0	28.0	25.0	45.0	0.0	13.0