# Constructed from biom file
#OTU ID	I1	I2	I3	S1	S2	S3	V1	V2
Unassigned;__;__;__	232.0	591.0	466.0	65.0	269.0	567.0	992.0	2800.0
d__Bacteria;p__Proteobacteria;c__Gammaproteobacteria;o__KI89A_clade	19.0	54.0	0.0	0.0	0.0	0.0	0.0	13.0
d__Bacteria;p__Acidobacteriota;c__Aminicenantia;o__Aminicenantales	740.0	820.0	1260.0	1151.0	1908.0	1203.0	492.0	278.0
d__Bacteria;p__Dadabacteria;c__Dadabacteriia;o__Dadabacteriales	0.0	0.0	0.0	9.0	0.0	0.0	0.0	0.0
d__Bacteria;p__Bacteroidota;c__Bacteroidia;o__Chitinophagales	120.0	322.0	88.0	58.0	72.0	38.0	71.0	105.0
d__Bacteria;p__Firmicutes;c__Clostridia;o__Peptostreptococcales-Tissierellales	62.0	238.0	129.0	248.0	544.0	181.0	167.0	104.0
d__Bacteria;p__Chloroflexi;c__Anaerolineae;o__SJA-15	7.0	0.0	7.0	9.0	0.0	13.0	3.0	0.0
d__Bacteria;p__Chloroflexi;c__Anaerolineae;o__Anaerolineales	5027.0	5059.0	3713.0	8483.0	9151.0	7848.0	1679.0	1499.0
d__Bacteria;p__Chloroflexi;c__Anaerolineae;o__SBR1031	3551.0	2299.0	1943.0	295.0	474.0	597.0	320.0	480.0
d__Bacteria;__;__;__	1098.0	1088.0	932.0	1531.0	1523.0	1248.0	408.0	326.0
d__Bacteria;p__Chloroflexi;c__Dehalococcoidia;__	1005.0	521.0	1085.0	267.0	402.0	252.0	283.0	114.0
d__Bacteria;p__Chloroflexi;c__Dehalococcoidia;o__RBG-13-46-9	334.0	181.0	241.0	182.0	204.0	156.0	58.0	75.0
d__Bacteria;p__Chloroflexi;c__Anaerolineae;o__MSB-5E12	0.0	8.0	0.0	0.0	0.0	0.0	0.0	0.0
d__Bacteria;p__Chloroflexi;c__Dehalococcoidia;o__GIF9	888.0	620.0	1421.0	196.0	224.0	97.0	309.0	169.0
d__Bacteria;p__Patescibacteria;c__Parcubacteria;o__Paceibacterales	0.0	0.0	7.0	0.0	7.0	0.0	0.0	0.0
d__Bacteria;p__Dependentiae;c__Babeliae;o__Babeliales	177.0	193.0	365.0	610.0	824.0	476.0	295.0	94.0
d__Bacteria;p__Planctomycetota;c__Planctomycetes;o__Pirellulales	47.0	73.0	13.0	113.0	101.0	66.0	16.0	0.0
d__Bacteria;p__Planctomycetota;c__Planctomycetes;o__Planctomycetales	0.0	4.0	0.0	30.0	34.0	69.0	3.0	3.0
d__Bacteria;p__Verrucomicrobiota;c__Verrucomicrobiae;o__Verrucomicrobiales	3.0	25.0	17.0	34.0	38.0	58.0	10.0	32.0
d__Bacteria;p__Planctomycetota;c__Pla4_lineage;o__Pla4_lineage	65.0	46.0	34.0	75.0	118.0	95.0	21.0	12.0
d__Bacteria;p__Myxococcota;c__Polyangia;o__PS-B29	20.0	66.0	11.0	0.0	0.0	0.0	0.0	15.0
d__Bacteria;p__Spirochaetota;c__Brachyspirae;o__Brachyspirales	0.0	0.0	0.0	17.0	0.0	0.0	0.0	0.0
d__Bacteria;p__Planctomycetota;c__vadinHA49;o__vadinHA49	30.0	54.0	36.0	32.0	15.0	67.0	18.0	7.0
d__Bacteria;p__Myxococcota;c__Polyangia;o__VHS-B4-70	0.0	26.0	16.0	0.0	0.0	0.0	0.0	0.0
d__Bacteria;p__Myxococcota;c__Polyangia;o__Haliangiales	63.0	70.0	65.0	232.0	187.0	319.0	38.0	43.0
d__Bacteria;p__Myxococcota;c__Polyangia;__	4.0	0.0	0.0	0.0	12.0	9.0	0.0	8.0
d__Bacteria;p__Myxococcota;c__Polyangia;o__Nannocystales	0.0	5.0	0.0	0.0	0.0	0.0	0.0	0.0
d__Bacteria;p__Myxococcota;c__Polyangia;o__UASB-TL25	3.0	24.0	54.0	42.0	64.0	108.0	32.0	25.0
d__Bacteria;p__Planctomycetota;c__OM190;o__OM190	74.0	115.0	88.0	12.0	34.0	35.0	15.0	42.0
d__Bacteria;p__Myxococcota;__;__	0.0	3.0	7.0	46.0	46.0	4.0	0.0	0.0
d__Bacteria;p__Myxococcota;c__Polyangia;o__Polyangiales	549.0	380.0	439.0	382.0	340.0	314.0	174.0	79.0
d__Bacteria;p__Myxococcota;c__Polyangia;o__mle1-27	42.0	37.0	34.0	64.0	76.0	69.0	10.0	16.0
d__Bacteria;p__Myxococcota;c__Myxococcia;o__Myxococcales	110.0	153.0	68.0	286.0	408.0	309.0	28.0	44.0
d__Bacteria;p__WOR-1;c__WOR-1;o__WOR-1	338.0	326.0	486.0	950.0	1048.0	1268.0	268.0	164.0
d__Bacteria;p__FCPU426;c__FCPU426;o__FCPU426	33.0	29.0	36.0	178.0	266.0	141.0	42.0	20.0
d__Bacteria;p__Chloroflexi;c__JG30-KF-CM66;o__JG30-KF-CM66	0.0	11.0	13.0	8.0	0.0	11.0	0.0	3.0
d__Bacteria;p__Gemmatimonadota;c__MD2902-B12;o__MD2902-B12	84.0	60.0	93.0	0.0	0.0	0.0	0.0	0.0
d__Bacteria;p__Actinobacteriota;c__Acidimicrobiia;o__Actinomarinales	14.0	37.0	0.0	143.0	2.0	0.0	0.0	12.0
d__Bacteria;p__Patescibacteria;c__ABY1;o__Candidatus_Magasanikbacteria	92.0	53.0	74.0	358.0	329.0	180.0	19.0	18.0
d__Bacteria;p__Planctomycetota;c__Pla3_lineage;o__Pla3_lineage	172.0	154.0	194.0	242.0	267.0	457.0	33.0	12.0
d__Bacteria;p__Latescibacterota;c__Latescibacterota;o__Latescibacterota	848.0	561.0	839.0	487.0	604.0	729.0	273.0	132.0
d__Bacteria;p__Myxococcota;c__Polyangia;o__MidBa8	57.0	76.0	39.0	22.0	0.0	11.0	0.0	0.0
d__Bacteria;p__Latescibacterota;c__Latescibacteria;o__Latescibacterales	539.0	237.0	523.0	295.0	386.0	169.0	152.0	66.0
d__Bacteria;p__Sumerlaeota;c__Sumerlaeia;o__Sumerlaeales	33.0	19.0	26.0	69.0	56.0	107.0	8.0	6.0
d__Bacteria;p__Planctomycetota;c__Phycisphaerae;o__CCM11a	159.0	179.0	82.0	9.0	0.0	5.0	12.0	30.0
d__Bacteria;p__Planctomycetota;c__Planctomycetes;o__Gemmatales	0.0	6.0	12.0	7.0	3.0	12.0	13.0	0.0
d__Bacteria;p__Actinobacteriota;c__Thermoleophilia;o__Solirubrobacterales	11.0	14.0	52.0	18.0	22.0	4.0	39.0	8.0
d__Bacteria;p__Planctomycetota;c__Phycisphaerae;o__MSBL9	1141.0	786.0	1863.0	910.0	772.0	456.0	254.0	125.0
d__Bacteria;p__Acidobacteriota;c__Acidobacteriae;o__Elev-16S-1166	0.0	0.0	0.0	3.0	0.0	0.0	0.0	0.0
d__Bacteria;p__Proteobacteria;c__Alphaproteobacteria;o__Parvibaculales	8.0	5.0	0.0	52.0	11.0	37.0	0.0	4.0
d__Bacteria;p__Spirochaetota;c__Spirochaetia;o__Spirochaetales	1529.0	1429.0	1390.0	2298.0	2466.0	1626.0	528.0	441.0
d__Bacteria;p__Desulfobacterota;c__Desulfuromonadia;o__Sva1033	72.0	255.0	26.0	0.0	0.0	0.0	0.0	93.0
d__Bacteria;p__Schekmanbacteria;c__Schekmanbacteria;o__Schekmanbacteria	492.0	369.0	441.0	47.0	54.0	37.0	120.0	82.0
d__Bacteria;p__Proteobacteria;c__Gammaproteobacteria;o__Burkholderiales	2224.0	3840.0	2908.0	5656.0	9342.0	7561.0	1297.0	1693.0
d__Bacteria;p__Zixibacteria;c__Zixibacteria;o__Zixibacteria	1189.0	1126.0	1355.0	1859.0	1860.0	1584.0	458.0	354.0
d__Bacteria;p__Verrucomicrobiota;c__Kiritimatiellae;o__Kiritimatiellales	0.0	8.0	7.0	0.0	0.0	0.0	0.0	0.0
d__Bacteria;p__Verrucomicrobiota;c__Omnitrophia;o__Omnitrophales	563.0	472.0	887.0	1629.0	2257.0	1228.0	365.0	175.0
d__Archaea;p__Nanoarchaeota;c__Nanoarchaeia;o__Woesearchaeales	1031.0	555.0	994.0	878.0	557.0	157.0	108.0	61.0
d__Archaea;p__Aenigmarchaeota;c__Aenigmarchaeia;o__Aenigmarchaeales	36.0	41.0	173.0	84.0	128.0	29.0	14.0	7.0
d__Archaea;p__Euryarchaeota;c__Thermococci;o__Methanofastidiosales	187.0	73.0	150.0	11.0	0.0	0.0	2.0	3.0
d__Bacteria;p__Planctomycetota;c__BD7-11;o__BD7-11	0.0	9.0	6.0	0.0	10.0	0.0	0.0	0.0
d__Archaea;p__Euryarchaeota;c__Thermococci;o__Thermococcales	8.0	10.0	10.0	41.0	33.0	35.0	0.0	3.0
d__Bacteria;p__Verrucomicrobiota;c__Chlamydiae;o__Chlamydiales	146.0	142.0	294.0	563.0	761.0	488.0	245.0	79.0
d__Bacteria;p__Proteobacteria;c__Gammaproteobacteria;__	1393.0	1011.0	282.0	99.0	61.0	70.0	26.0	127.0
d__Bacteria;p__Patescibacteria;c__Parcubacteria;o__Candidatus_Kaiserbacteria	0.0	0.0	0.0	3.0	0.0	0.0	0.0	0.0
d__Bacteria;p__Desantisbacteria;c__Desantisbacteria;o__Desantisbacteria	0.0	0.0	0.0	6.0	0.0	4.0	3.0	0.0
d__Bacteria;p__Patescibacteria;c__Saccharimonadia;o__Saccharimonadales	7.0	17.0	12.0	16.0	7.0	10.0	10.0	13.0
d__Bacteria;p__Chloroflexi;c__Dehalococcoidia;o__Dehalococcoidales	160.0	92.0	105.0	347.0	296.0	168.0	94.0	32.0
d__Bacteria;p__Chloroflexi;c__Dehalococcoidia;o__Napoli-4B-65	120.0	62.0	182.0	16.0	21.0	0.0	22.0	4.0
d__Bacteria;p__Patescibacteria;c__Parcubacteria;__	44.0	5.0	82.0	38.0	10.0	35.0	11.0	4.0
d__Bacteria;p__Patescibacteria;c__Parcubacteria;o__Candidatus_Yanofskybacteria	4.0	8.0	13.0	98.0	57.0	0.0	12.0	0.0
d__Bacteria;p__Firmicutes;c__Clostridia;o__Lachnospirales	729.0	1454.0	3708.0	1589.0	5181.0	3608.0	3328.0	1078.0
d__Bacteria;p__Actinobacteriota;c__Actinobacteria;o__Frankiales	9.0	16.0	30.0	32.0	66.0	26.0	66.0	15.0
d__Bacteria;p__Patescibacteria;c__WWE3;o__WWE3	0.0	2.0	2.0	0.0	0.0	0.0	0.0	0.0
d__Bacteria;p__Firmicutes;c__Clostridia;__	0.0	13.0	13.0	29.0	38.0	14.0	0.0	0.0
d__Bacteria;p__Bdellovibrionota;c__Bdellovibrionia;o__Bacteriovoracales	115.0	18.0	14.0	21.0	10.0	17.0	0.0	0.0
d__Bacteria;p__TA06;c__TA06;o__TA06	236.0	146.0	384.0	201.0	119.0	85.0	94.0	25.0
d__Bacteria;p__Spirochaetota;c__Leptospirae;o__Leptospirales	434.0	370.0	366.0	1126.0	1268.0	1122.0	242.0	182.0
d__Archaea;p__Iainarchaeota;c__Iainarchaeia;o__Iainarchaeales	5.0	10.0	0.0	3.0	16.0	2.0	0.0	0.0
d__Bacteria;p__Proteobacteria;c__Alphaproteobacteria;o__SAR11_clade	0.0	3.0	0.0	199.0	0.0	0.0	0.0	0.0
d__Bacteria;p__Proteobacteria;c__Gammaproteobacteria;o__Enterobacterales	169.0	2005.0	948.0	1056.0	3439.0	1193.0	1502.0	2387.0
d__Bacteria;p__Proteobacteria;c__Gammaproteobacteria;o__Coxiellales	90.0	76.0	90.0	387.0	256.0	176.0	74.0	49.0
d__Bacteria;p__Proteobacteria;c__Gammaproteobacteria;o__Aeromonadales	56.0	102.0	371.0	231.0	286.0	164.0	552.0	139.0
d__Bacteria;p__Proteobacteria;c__Gammaproteobacteria;o__Pasteurellales	157.0	1492.0	352.0	137.0	219.0	145.0	277.0	470.0
d__Bacteria;p__Desulfobacterota;c__Desulfovibrionia;o__Desulfovibrionales	32.0	88.0	97.0	54.0	34.0	140.0	62.0	41.0
d__Bacteria;p__Proteobacteria;c__Gammaproteobacteria;o__Run-SP154	53.0	44.0	0.0	0.0	0.0	0.0	0.0	0.0
d__Bacteria;p__Proteobacteria;c__Gammaproteobacteria;o__Chromatiales	601.0	589.0	80.0	0.0	0.0	0.0	0.0	94.0
d__Bacteria;p__Proteobacteria;c__Gammaproteobacteria;o__TDNP-Wbc97-11-7-16	0.0	22.0	0.0	0.0	0.0	0.0	0.0	24.0
d__Bacteria;p__Proteobacteria;c__Gammaproteobacteria;o__UBA10353_marine_group	0.0	0.0	0.0	13.0	0.0	0.0	0.0	0.0
d__Bacteria;p__Proteobacteria;c__Gammaproteobacteria;o__KF-JG30-C25	0.0	0.0	0.0	19.0	15.0	8.0	4.0	0.0
d__Bacteria;p__Desulfobacterota;c__Desulfobulbia;o__Desulfobulbales	177.0	611.0	55.0	15.0	11.0	6.0	0.0	157.0
d__Bacteria;p__Planctomycetota;c__Phycisphaerae;o__Phycisphaerales	14.0	24.0	10.0	50.0	77.0	74.0	3.0	0.0
d__Bacteria;p__Proteobacteria;c__Gammaproteobacteria;o__uncultured	9.0	7.0	5.0	11.0	22.0	31.0	0.0	0.0
d__Bacteria;p__Proteobacteria;c__Gammaproteobacteria;o__Diplorickettsiales	34.0	13.0	19.0	50.0	65.0	30.0	19.0	4.0
d__Bacteria;p__Proteobacteria;c__Gammaproteobacteria;o__Ectothiorhodospirales	1705.0	1323.0	618.0	38.0	9.0	12.0	91.0	365.0
d__Bacteria;p__Proteobacteria;c__Gammaproteobacteria;o__Thiotrichales	237.0	293.0	42.0	0.0	0.0	0.0	0.0	50.0
d__Bacteria;p__Proteobacteria;c__Gammaproteobacteria;o__Gammaproteobacteria_Incertae_Sedis	93.0	202.0	49.0	300.0	265.0	268.0	32.0	113.0
d__Bacteria;p__Proteobacteria;c__Gammaproteobacteria;o__Pseudomonadales	274.0	697.0	259.0	360.0	450.0	805.0	276.0	501.0
d__Bacteria;p__Proteobacteria;c__Gammaproteobacteria;o__Alteromonadales	93.0	69.0	12.0	575.0	25.0	13.0	19.0	34.0
d__Bacteria;p__Proteobacteria;c__Gammaproteobacteria;o__Steroidobacterales	210.0	290.0	114.0	511.0	648.0	819.0	138.0	137.0
d__Bacteria;p__Firmicutes;c__Clostridia;o__Christensenellales	81.0	83.0	230.0	66.0	103.0	198.0	144.0	55.0
d__Bacteria;p__Proteobacteria;c__Gammaproteobacteria;o__CCD24	31.0	28.0	0.0	179.0	170.0	246.0	27.0	30.0
d__Bacteria;p__Proteobacteria;c__Gammaproteobacteria;o__PLTA13	15.0	26.0	0.0	0.0	0.0	5.0	0.0	7.0
d__Bacteria;p__Proteobacteria;c__Gammaproteobacteria;o__Cellvibrionales	523.0	625.0	83.0	96.0	0.0	0.0	0.0	165.0
d__Bacteria;p__Proteobacteria;c__Gammaproteobacteria;o__HOC36	7.0	31.0	6.0	18.0	0.0	0.0	0.0	9.0
d__Bacteria;p__Proteobacteria;c__Gammaproteobacteria;o__Methylococcales	15.0	53.0	12.0	120.0	76.0	129.0	7.0	24.0
d__Bacteria;p__Proteobacteria;c__Gammaproteobacteria;o__Oceanospirillales	2150.0	341.0	217.0	561.0	72.0	43.0	49.0	58.0
d__Bacteria;p__Proteobacteria;c__Gammaproteobacteria;o__BD7-8	0.0	17.0	0.0	0.0	0.0	0.0	0.0	9.0
d__Bacteria;p__Proteobacteria;c__Gammaproteobacteria;o__Vibrionales	22.0	72.0	144.0	1977.0	49.0	52.0	67.0	44.0
d__Bacteria;p__Proteobacteria;c__Gammaproteobacteria;o__WD260	0.0	17.0	14.0	9.0	14.0	0.0	12.0	26.0
d__Bacteria;p__Proteobacteria;c__Gammaproteobacteria;o__Nitrosococcales	9.0	27.0	0.0	0.0	0.0	0.0	0.0	13.0
d__Bacteria;p__Proteobacteria;c__Gammaproteobacteria;o__1013-28-CG33	0.0	0.0	12.0	0.0	0.0	0.0	0.0	0.0
d__Bacteria;p__Proteobacteria;c__Gammaproteobacteria;o__B2M28	121.0	204.0	21.0	0.0	0.0	0.0	0.0	88.0
d__Bacteria;p__Proteobacteria;c__Gammaproteobacteria;o__AT-s2-59	48.0	74.0	24.0	0.0	0.0	0.0	11.0	33.0
d__Bacteria;p__Firmicutes;c__Bacilli;o__Alicyclobacillales	141.0	177.0	173.0	29.0	49.0	5.0	0.0	0.0
d__Bacteria;p__Proteobacteria;c__Gammaproteobacteria;o__SZB30	10.0	13.0	11.0	0.0	0.0	0.0	0.0	0.0
d__Bacteria;p__Proteobacteria;c__Gammaproteobacteria;o__Thiohalorhabdales	0.0	11.0	0.0	0.0	0.0	0.0	0.0	0.0
d__Bacteria;p__Proteobacteria;c__Gammaproteobacteria;o__Ga0077536	22.0	42.0	18.0	0.0	0.0	0.0	0.0	20.0
d__Bacteria;p__Proteobacteria;c__Gammaproteobacteria;o__FGL7S	183.0	38.0	26.0	0.0	0.0	0.0	0.0	0.0
d__Bacteria;p__Proteobacteria;c__Gammaproteobacteria;o__SS1-B-09-64	0.0	16.0	0.0	0.0	0.0	0.0	0.0	0.0
d__Bacteria;p__Proteobacteria;c__Gammaproteobacteria;o__Tenderiales	70.0	28.0	10.0	0.0	0.0	0.0	0.0	0.0
d__Bacteria;p__Proteobacteria;c__Gammaproteobacteria;o__SAR86_clade	0.0	0.0	0.0	93.0	0.0	0.0	0.0	0.0
d__Bacteria;p__Proteobacteria;c__Gammaproteobacteria;o__Milano-WF1B-44	17.0	44.0	0.0	0.0	0.0	0.0	0.0	7.0
d__Bacteria;p__Proteobacteria;c__Alphaproteobacteria;o__Rhodospirillales	173.0	167.0	126.0	212.0	253.0	227.0	27.0	17.0
d__Bacteria;p__Proteobacteria;c__Gammaproteobacteria;o__JG36-TzT-191	0.0	6.0	0.0	20.0	35.0	45.0	9.0	0.0
d__Bacteria;p__Proteobacteria;c__Gammaproteobacteria;o__Xanthomonadales	36.0	334.0	114.0	105.0	161.0	173.0	87.0	227.0
d__Bacteria;p__Proteobacteria;c__Gammaproteobacteria;o__Thiomicrospirales	2005.0	140.0	200.0	32.0	0.0	0.0	14.0	0.0
d__Bacteria;p__Proteobacteria;c__Gammaproteobacteria;o__Competibacterales	0.0	11.0	0.0	0.0	0.0	0.0	0.0	0.0
d__Bacteria;p__Proteobacteria;c__Gammaproteobacteria;o__Acidiferrobacterales	16.0	23.0	5.0	9.0	23.0	29.0	0.0	10.0
d__Bacteria;p__Proteobacteria;c__Gammaproteobacteria;o__R7C24	0.0	0.0	0.0	0.0	10.0	0.0	0.0	0.0
d__Bacteria;p__Proteobacteria;c__Gammaproteobacteria;o__EPR3968-O8a-Bc78	0.0	15.0	0.0	0.0	0.0	0.0	0.0	0.0
d__Bacteria;p__Proteobacteria;c__Gammaproteobacteria;o__EC3	0.0	7.0	0.0	0.0	0.0	0.0	0.0	0.0
d__Bacteria;p__Proteobacteria;c__Gammaproteobacteria;o__Cardiobacteriales	0.0	18.0	0.0	0.0	0.0	0.0	0.0	8.0
d__Bacteria;p__Proteobacteria;c__Alphaproteobacteria;o__Rickettsiales	4.0	100.0	9.0	57.0	43.0	31.0	29.0	291.0
d__Bacteria;p__Proteobacteria;c__Gammaproteobacteria;o__Legionellales	0.0	6.0	10.0	0.0	0.0	0.0	13.0	0.0
d__Bacteria;p__Firmicutes;c__Clostridia;o__Oscillospirales	483.0	952.0	2629.0	913.0	1097.0	2413.0	3173.0	676.0
d__Bacteria;p__Bacteroidota;c__Bacteroidia;o__Cytophagales	145.0	296.0	85.0	58.0	32.0	30.0	41.0	89.0
d__Bacteria;p__Proteobacteria;c__Gammaproteobacteria;o__CHAB-XI-27	0.0	0.0	0.0	0.0	0.0	2.0	0.0	0.0
d__Bacteria;p__Proteobacteria;c__Gammaproteobacteria;o__Beggiatoales	27.0	28.0	33.0	7.0	19.0	60.0	0.0	0.0
d__Bacteria;p__Sumerlaeota;c__Sumerlaeia;o__uncultured	137.0	89.0	265.0	6.0	0.0	0.0	16.0	3.0
d__Bacteria;p__Firmicutes;c__Clostridia;o__Clostridiales	223.0	372.0	329.0	1534.0	1892.0	1009.0	409.0	362.0
d__Bacteria;p__Proteobacteria;c__Gammaproteobacteria;o__Salinisphaerales	4.0	16.0	0.0	0.0	20.0	36.0	3.0	5.0
d__Bacteria;p__Proteobacteria;c__Alphaproteobacteria;o__Rhizobiales	371.0	847.0	2348.0	1778.0	2049.0	2027.0	4981.0	792.0
d__Bacteria;p__Desulfobacterota;c__Desulfobacteria;o__Desulfobacterales	4120.0	5564.0	2869.0	265.0	214.0	192.0	556.0	1130.0
d__Bacteria;p__Verrucomicrobiota;c__Lentisphaeria;o__P.palmC41	2.0	0.0	0.0	0.0	0.0	0.0	0.0	0.0
d__Bacteria;p__WS2;c__WS2;o__WS2	29.0	32.0	45.0	21.0	19.0	9.0	0.0	0.0
d__Bacteria;p__Deinococcota;c__Deinococci;o__Deinococcales	0.0	6.0	0.0	0.0	0.0	0.0	0.0	1.0
d__Bacteria;p__Patescibacteria;c__Gracilibacteria;o__JGI_0000069-P22	22.0	2.0	0.0	0.0	0.0	0.0	0.0	0.0
d__Bacteria;p__Patescibacteria;__;__	8.0	6.0	12.0	0.0	0.0	0.0	4.0	2.0
d__Bacteria;p__Patescibacteria;c__Kazania;o__Kazania	0.0	3.0	0.0	0.0	0.0	0.0	0.0	0.0
d__Bacteria;p__Thermotogota;c__Thermotogae;o__Thermotogales	2.0	0.0	0.0	0.0	0.0	0.0	0.0	0.0
d__Bacteria;p__uncultured;c__uncultured;o__uncultured	0.0	0.0	0.0	6.0	0.0	4.0	0.0	0.0
d__Bacteria;p__Chloroflexi;c__AD3;o__AD3	0.0	20.0	19.0	29.0	40.0	0.0	17.0	5.0
d__Bacteria;p__Patescibacteria;c__Parcubacteria;o__Candidatus_Nomurabacteria	0.0	0.0	0.0	8.0	6.0	2.0	0.0	2.0
d__Bacteria;p__Patescibacteria;c__Microgenomatia;o__Candidatus_Woykebacteria	0.0	0.0	0.0	0.0	12.0	2.0	0.0	2.0
d__Bacteria;p__Chloroflexi;c__Dehalococcoidia;o__SPG12-343-353-B75	61.0	51.0	102.0	0.0	18.0	0.0	0.0	0.0
d__Bacteria;p__Patescibacteria;c__Parcubacteria;o__Candidatus_Staskawiczbacteria	0.0	0.0	0.0	12.0	20.0	0.0	0.0	0.0
d__Bacteria;p__Elusimicrobiota;c__Lineage_IIa;o__Lineage_IIa	5.0	13.0	0.0	55.0	107.0	17.0	0.0	5.0
d__Bacteria;p__Elusimicrobiota;c__Lineage_IIc;o__Lineage_IIc	39.0	0.0	12.0	85.0	45.0	115.0	12.0	11.0
d__Bacteria;p__Elusimicrobiota;c__Elusimicrobia;o__Lineage_IV	9.0	18.0	14.0	26.0	47.0	36.0	8.0	0.0
d__Bacteria;p__Campilobacterota;c__Campylobacteria;o__Campylobacterales	1374.0	541.0	162.0	35.0	22.0	47.0	23.0	117.0
d__Bacteria;p__Acidobacteriota;c__Thermoanaerobaculia;o__Thermoanaerobaculales	118.0	326.0	94.0	13.0	0.0	8.0	27.0	113.0
d__Bacteria;p__Planctomycetota;__;__	83.0	90.0	111.0	44.0	23.0	55.0	9.0	6.0
d__Bacteria;p__Elusimicrobiota;c__Lineage_IIb;o__Lineage_IIb	7.0	8.0	18.0	76.0	42.0	41.0	9.0	10.0
d__Bacteria;p__Elusimicrobiota;c__Endomicrobia;o__Endomicrobiales	16.0	13.0	10.0	70.0	76.0	64.0	11.0	3.0
d__Bacteria;p__Elusimicrobiota;__;__	0.0	0.0	0.0	3.0	0.0	0.0	0.0	0.0
d__Bacteria;p__Elusimicrobiota;c__Elusimicrobia;o__MD2894-B20	8.0	18.0	11.0	0.0	0.0	0.0	7.0	4.0
d__Bacteria;p__Elusimicrobiota;c__Elusimicrobia;o__MVP-88	0.0	0.0	6.0	11.0	10.0	23.0	0.0	4.0
d__Bacteria;p__Patescibacteria;c__Gracilibacteria;o__Candidatus_Peribacteria	0.0	0.0	0.0	0.0	4.0	0.0	0.0	0.0
d__Bacteria;p__Proteobacteria;c__Alphaproteobacteria;o__Sphingomonadales	37.0	151.0	86.0	147.0	290.0	165.0	87.0	66.0
d__Bacteria;p__Spirochaetota;c__Brevinematia;o__Brevinematales	49.0	69.0	45.0	336.0	148.0	113.0	43.0	45.0
d__Bacteria;p__Acidobacteriota;c__Subgroup_22;o__Subgroup_22	51.0	126.0	97.0	66.0	30.0	64.0	6.0	34.0
d__Bacteria;p__Verrucomicrobiota;c__Verrucomicrobiae;o__Opitutales	42.0	45.0	34.0	128.0	148.0	45.0	35.0	8.0
d__Bacteria;p__Bacteroidota;c__Kryptonia;o__Kryptoniales	2112.0	2244.0	2757.0	10940.0	9061.0	8327.0	1359.0	828.0
d__Bacteria;p__Planctomycetota;c__Phycisphaerae;o__Tepidisphaerales	2.0	7.0	0.0	33.0	35.0	42.0	12.0	4.0
d__Bacteria;p__Bacteroidota;c__Bacteroidia;o__Bacteroidales	2421.0	5162.0	9923.0	9424.0	10808.0	12127.0	9709.0	2617.0
d__Bacteria;p__Patescibacteria;c__Parcubacteria;o__Candidatus_Nealsonbacteria	3.0	0.0	0.0	10.0	0.0	0.0	0.0	0.0
d__Bacteria;p__Firmicutes;c__Bacilli;o__Lactobacillales	238.0	3078.0	1109.0	834.0	1229.0	1366.0	1180.0	1939.0
d__Bacteria;p__Chloroflexi;c__Anaerolineae;__	26.0	39.0	21.0	64.0	116.0	24.0	16.0	11.0
d__Bacteria;p__Patescibacteria;c__ABY1;o__Candidatus_Uhrbacteria	0.0	4.0	0.0	0.0	0.0	0.0	0.0	0.0
d__Bacteria;p__Firmicutes;c__Bacilli;o__RF39	3.0	21.0	20.0	9.0	4.0	29.0	15.0	14.0
d__Bacteria;p__Cyanobacteria;c__Cyanobacteriia;o__Chloroplast	218.0	481.0	86.0	265.0	72.0	68.0	53.0	241.0
d__Bacteria;p__WPS-2;c__WPS-2;o__WPS-2	0.0	7.0	4.0	23.0	46.0	30.0	5.0	8.0
d__Bacteria;p__Chloroflexi;c__Dehalococcoidia;o__FS117-23B-02	128.0	93.0	99.0	91.0	49.0	20.0	12.0	10.0
d__Bacteria;p__Firmicutes;__;__	6.0	27.0	21.0	32.0	4.0	3.0	3.0	0.0
d__Bacteria;p__Patescibacteria;c__Parcubacteria;o__Candidatus_Azambacteria	0.0	0.0	0.0	5.0	5.0	0.0	0.0	0.0
d__Bacteria;p__Firmicutes;c__Bacilli;o__Erysipelotrichales	137.0	780.0	392.0	231.0	407.0	505.0	357.0	554.0
d__Bacteria;p__Cyanobacteria;c__Cyanobacteriia;o__Cyanobacteriales	10.0	42.0	0.0	7.0	6.0	6.0	0.0	0.0
d__Bacteria;p__Patescibacteria;c__Parcubacteria;o__Parcubacteria	14.0	0.0	4.0	57.0	24.0	0.0	0.0	3.0
d__Bacteria;p__Patescibacteria;c__Gracilibacteria;o__Candidatus_Peregrinibacteria	0.0	0.0	0.0	6.0	3.0	0.0	0.0	0.0
d__Bacteria;p__Patescibacteria;c__ABY1;o__Candidatus_Kerfeldbacteria	5.0	3.0	0.0	30.0	27.0	6.0	2.0	0.0
d__Bacteria;p__Patescibacteria;c__Parcubacteria;o__Candidatus_Campbellbacteria	0.0	2.0	0.0	0.0	0.0	0.0	0.0	0.0
d__Bacteria;p__Patescibacteria;c__Gracilibacteria;o__Gracilibacteria	6.0	9.0	0.0	7.0	4.0	6.0	0.0	0.0
d__Bacteria;p__Patescibacteria;c__Parcubacteria;o__Candidatus_Zambryskibacteria	0.0	0.0	0.0	9.0	14.0	0.0	0.0	0.0
d__Bacteria;p__Bacteroidota;c__Bacteroidia;o__Flavobacteriales	127.0	274.0	54.0	278.0	33.0	59.0	27.0	90.0
d__Bacteria;p__Firmicutes;c__Clostridia;o__Clostridia_vadinBB60_group	0.0	15.0	0.0	10.0	36.0	0.0	0.0	15.0
d__Bacteria;p__Patescibacteria;c__Parcubacteria;o__Candidatus_Vogelbacteria	0.0	2.0	0.0	3.0	3.0	2.0	0.0	0.0
d__Bacteria;p__Patescibacteria;c__CPR2;o__CPR2	0.0	0.0	0.0	8.0	9.0	0.0	0.0	0.0
d__Bacteria;p__Chloroflexi;__;__	37.0	17.0	24.0	118.0	101.0	22.0	12.0	0.0
d__Bacteria;p__Chloroflexi;c__Anaerolineae;o__Ardenticatenales	133.0	250.0	122.0	56.0	41.0	38.0	0.0	23.0
d__Bacteria;p__Chloroflexi;c__Dehalococcoidia;o__FW22	453.0	343.0	548.0	93.0	60.0	82.0	151.0	85.0
d__Bacteria;p__Patescibacteria;c__Parcubacteria;o__GWB1-42-6	6.0	2.0	5.0	44.0	16.0	14.0	0.0	0.0
d__Bacteria;p__Chloroflexi;c__Anaerolineae;o__RBG-13-54-9	488.0	493.0	582.0	1449.0	1518.0	2301.0	345.0	143.0
d__Bacteria;p__Chloroflexi;c__Dehalococcoidia;o__MSBL5	615.0	544.0	704.0	1297.0	1089.0	271.0	243.0	145.0
d__Bacteria;p__Acetothermia;c__Acetothermiia;o__Acetothermiia	5.0	7.0	6.0	15.0	15.0	10.0	0.0	0.0
d__Bacteria;p__Firmicutes;c__Clostridia;o__Clostridia	76.0	71.0	57.0	595.0	1450.0	382.0	233.0	139.0
d__Bacteria;p__Caldisericota;c__Caldisericia;o__Caldisericales	0.0	0.0	0.0	27.0	18.0	15.0	8.0	3.0
d__Bacteria;p__Fusobacteriota;c__Fusobacteriia;o__Fusobacteriales	0.0	14.0	27.0	38.0	112.0	22.0	22.0	32.0
d__Bacteria;p__Patescibacteria;c__Berkelbacteria;o__Berkelbacteria	0.0	0.0	8.0	4.0	11.0	3.0	5.0	2.0
d__Bacteria;p__Actinobacteriota;c__Actinobacteria;o__Micrococcales	44.0	183.0	164.0	112.0	165.0	239.0	187.0	130.0
d__Bacteria;p__Actinobacteriota;c__Actinobacteria;o__Bifidobacteriales	0.0	133.0	10.0	33.0	464.0	21.0	30.0	71.0
d__Bacteria;p__Chloroflexi;c__Dehalococcoidia;o__Sh765B-AG-111	166.0	80.0	234.0	0.0	13.0	0.0	19.0	0.0
d__Bacteria;p__Patescibacteria;c__Parcubacteria;o__Candidatus_Portnoybacteria	0.0	0.0	0.0	4.0	0.0	0.0	0.0	0.0
d__Bacteria;p__Cyanobacteria;c__Sericytochromatia;o__Sericytochromatia	36.0	31.0	39.0	7.0	111.0	34.0	0.0	0.0
d__Bacteria;p__Firmicutes;c__Bacilli;o__Bacillales	1191.0	1293.0	1293.0	2622.0	2812.0	1973.0	766.0	548.0
d__Bacteria;p__Firmicutes;c__Bacilli;o__Staphylococcales	49.0	308.0	323.0	239.0	478.0	212.0	339.0	245.0
d__Bacteria;p__Patescibacteria;c__Parcubacteria;o__Candidatus_Jorgensenbacteria	14.0	5.0	0.0	22.0	0.0	22.0	0.0	0.0
d__Bacteria;p__Firmicutes;c__Bacilli;o__Izemoplasmatales	8.0	0.0	0.0	0.0	0.0	0.0	0.0	0.0
d__Bacteria;p__Firmicutes;c__Bacilli;o__Mycoplasmatales	2.0	37.0	14.0	3.0	26.0	12.0	14.0	23.0
d__Bacteria;p__Firmicutes;c__Clostridia;o__Clostridia_UCG-014	65.0	110.0	231.0	116.0	145.0	274.0	193.0	80.0
d__Archaea;p__Crenarchaeota;c__Bathyarchaeia;o__Bathyarchaeia	5770.0	2697.0	3315.0	4039.0	4192.0	3048.0	317.0	371.0
d__Bacteria;p__Chloroflexi;c__Anaerolineae;o__uncultured	661.0	608.0	411.0	12.0	19.0	3.0	84.0	91.0
d__Bacteria;p__Chloroflexi;c__Dehalococcoidia;o__GIF3	6823.0	3082.0	5385.0	552.0	450.0	322.0	1001.0	530.0
d__Bacteria;p__Chloroflexi;c__Anaerolineae;o__MSB-5B2	17.0	30.0	27.0	0.0	0.0	0.0	0.0	13.0
d__Bacteria;p__Chloroflexi;c__Dehalococcoidia;o__Dehalococcoidia	141.0	108.0	355.0	59.0	78.0	34.0	83.0	10.0
d__Bacteria;p__Actinobacteriota;c__Coriobacteriia;o__OPB41	35.0	16.0	88.0	82.0	92.0	89.0	64.0	16.0
d__Bacteria;p__Chloroflexi;c__Dehalococcoidia;o__Sh765B-TzT-20	0.0	0.0	0.0	24.0	10.0	15.0	0.0	0.0
d__Bacteria;p__Chloroflexi;c__Dehalococcoidia;o__JdFR-54	0.0	0.0	0.0	0.0	6.0	0.0	0.0	0.0
d__Bacteria;p__Actinobacteriota;c__Coriobacteriia;o__Coriobacteriales	0.0	66.0	10.0	49.0	444.0	68.0	45.0	61.0
d__Bacteria;p__Patescibacteria;c__ABY1;__	0.0	0.0	2.0	7.0	3.0	0.0	2.0	3.0
d__Bacteria;p__Patescibacteria;c__Microgenomatia;o__Candidatus_Levybacteria	0.0	0.0	2.0	0.0	4.0	0.0	4.0	0.0
d__Bacteria;p__Bacteroidota;c__Bacteroidia;o__Sphingobacteriales	120.0	293.0	180.0	813.0	508.0	426.0	57.0	79.0
d__Bacteria;p__Bacteroidota;c__Bacteroidia;__	0.0	0.0	0.0	15.0	8.0	3.0	0.0	0.0
d__Bacteria;p__Chloroflexi;c__Dehalococcoidia;o__SAR202_clade	72.0	36.0	41.0	37.0	43.0	25.0	0.0	16.0
d__Bacteria;p__Chloroflexi;c__SHA-26;o__SHA-26	10.0	15.0	9.0	9.0	34.0	7.0	7.0	0.0
d__Bacteria;p__Chloroflexi;c__Anaerolineae;o__Thermoflexales	97.0	61.0	43.0	0.0	0.0	0.0	17.0	11.0
d__Bacteria;p__Chloroflexi;c__Dehalococcoidia;o__661239	439.0	290.0	498.0	31.0	55.0	27.0	91.0	34.0
d__Bacteria;p__Chloroflexi;c__Dehalococcoidia;o__vadinBA26	350.0	124.0	292.0	108.0	73.0	29.0	50.0	69.0
d__Bacteria;p__Chloroflexi;c__Dehalococcoidia;o__ER-E4-17	87.0	86.0	164.0	39.0	75.0	51.0	69.0	12.0
d__Bacteria;p__Patescibacteria;c__Microgenomatia;o__Microgenomatia	2.0	2.0	6.0	0.0	0.0	0.0	0.0	2.0
d__Bacteria;p__Patescibacteria;c__Microgenomatia;o__Candidatus_Beckwithbacteria	0.0	0.0	0.0	0.0	0.0	2.0	0.0	0.0
d__Bacteria;p__Chloroflexi;c__Anaerolineae;o__1-20	0.0	0.0	0.0	0.0	0.0	0.0	0.0	4.0
d__Bacteria;p__Chloroflexi;c__Anaerolineae;o__ADurb.Bin180	99.0	87.0	125.0	21.0	31.0	9.0	34.0	30.0
d__Bacteria;p__Chloroflexi;c__Dehalococcoidia;o__t0.6.f	19.0	27.0	0.0	0.0	0.0	0.0	2.0	0.0
d__Bacteria;p__Patescibacteria;c__Microgenomatia;o__Candidatus_Chisholmbacteria	0.0	0.0	10.0	0.0	0.0	0.0	0.0	0.0
d__Bacteria;p__Bacteroidota;c__Bacteroidia;o__Bacteroidetes_VC2.1_Bac22	25.0	114.0	10.0	0.0	0.0	0.0	0.0	25.0
d__Bacteria;p__Margulisbacteria;c__Margulisbacteria;o__Margulisbacteria	0.0	2.0	0.0	11.0	3.0	9.0	2.0	0.0
d__Bacteria;p__Patescibacteria;c__Parcubacteria;o__Candidatus_Wolfebacteria	2.0	0.0	2.0	9.0	4.0	0.0	0.0	0.0
d__Bacteria;p__Patescibacteria;c__Parcubacteria;o__Candidatus_Liptonbacteria	0.0	0.0	0.0	21.0	5.0	0.0	0.0	0.0
d__Bacteria;p__Actinobacteriota;c__Acidimicrobiia;o__Microtrichales	9.0	26.0	28.0	33.0	20.0	12.0	39.0	7.0
d__Bacteria;p__Patescibacteria;c__Parcubacteria;o__Candidatus_Moranbacteria	0.0	0.0	0.0	7.0	3.0	0.0	0.0	0.0
d__Bacteria;p__Chloroflexi;c__Dehalococcoidia;o__3051bac4-16	4.0	0.0	0.0	0.0	0.0	0.0	0.0	0.0
d__Bacteria;p__Patescibacteria;c__ABY1;o__Candidatus_Buchananbacteria	0.0	0.0	0.0	2.0	0.0	0.0	0.0	0.0
d__Bacteria;p__Patescibacteria;c__Microgenomatia;o__Candidatus_Amesbacteria	0.0	0.0	0.0	18.0	10.0	2.0	0.0	0.0
d__Bacteria;p__Patescibacteria;c__Microgenomatia;o__Candidatus_Woesebacteria	12.0	12.0	14.0	21.0	10.0	3.0	5.0	0.0
d__Bacteria;p__Chloroflexi;c__Anaerolineae;o__Caldilineales	0.0	0.0	0.0	0.0	4.0	0.0	0.0	0.0
d__Bacteria;p__Patescibacteria;c__Parcubacteria;o__Candidatus_Colwellbacteria	0.0	0.0	0.0	56.0	118.0	57.0	4.0	2.0
d__Bacteria;p__Patescibacteria;c__ABY1;o__Candidatus_Falkowbacteria	0.0	7.0	8.0	24.0	28.0	0.0	0.0	0.0
d__Bacteria;p__Actinobacteriota;c__Coriobacteriia;o__FS118-23B-02	0.0	0.0	0.0	0.0	0.0	5.0	3.0	0.0
d__Bacteria;p__Patescibacteria;c__Parcubacteria;o__CG1-02-42-13	0.0	0.0	0.0	0.0	7.0	0.0	0.0	0.0
d__Bacteria;p__Chloroflexi;c__Ktedonobacteria;o__MVP-21	3.0	0.0	0.0	0.0	0.0	0.0	0.0	0.0
d__Bacteria;p__SAR324_clade(Marine_group_B);c__SAR324_clade(Marine_group_B);o__SAR324_clade(Marine_group_B)	377.0	409.0	328.0	932.0	982.0	870.0	167.0	178.0
d__Bacteria;p__Bdellovibrionota;c__Oligoflexia;o__0319-6G20	130.0	154.0	116.0	78.0	206.0	180.0	2.0	10.0
d__Bacteria;p__Proteobacteria;__;__	0.0	0.0	13.0	0.0	0.0	3.0	0.0	8.0
d__Bacteria;p__Desulfobacterota;c__Desulfobaccia;o__Desulfobaccales	92.0	64.0	100.0	84.0	63.0	91.0	35.0	42.0
d__Bacteria;p__NB1-j;c__NB1-j;o__NB1-j	37.0	107.0	27.0	0.0	0.0	0.0	0.0	6.0
d__Bacteria;p__FW113;c__FW113;o__FW113	0.0	7.0	0.0	0.0	0.0	0.0	0.0	0.0
d__Bacteria;p__Elusimicrobiota;c__Rs-M47;o__Rs-M47	0.0	6.0	0.0	13.0	17.0	5.0	0.0	2.0
d__Bacteria;p__Proteobacteria;c__Alphaproteobacteria;o__Rhodobacterales	301.0	408.0	190.0	436.0	32.0	69.0	23.0	96.0
d__Bacteria;p__Desulfobacterota;c__Syntrophobacteria;o__Syntrophobacterales	1644.0	1671.0	1611.0	660.0	594.0	463.0	392.0	381.0
d__Bacteria;p__Acidobacteriota;c__AT-s3-28;o__AT-s3-28	0.0	28.0	38.0	5.0	0.0	0.0	0.0	0.0
d__Bacteria;p__Acidobacteriota;c__Holophagae;o__Acanthopleuribacterales	10.0	13.0	0.0	0.0	0.0	0.0	0.0	0.0
d__Bacteria;p__Desulfobacterota;__;__	17.0	11.0	19.0	11.0	0.0	0.0	0.0	0.0
d__Bacteria;p__Desulfobacterota;c__uncultured;o__uncultured	2006.0	1364.0	1811.0	4687.0	5297.0	4443.0	983.0	636.0
d__Bacteria;p__Sva0485;c__Sva0485;o__Sva0485	4723.0	3811.0	4479.0	10420.0	11597.0	10485.0	2344.0	1655.0
d__Bacteria;p__Actinobacteriota;c__Actinobacteria;__	0.0	0.0	3.0	0.0	0.0	0.0	0.0	12.0
d__Bacteria;p__Acidobacteriota;c__Holophagae;o__Subgroup_7	8.0	20.0	27.0	31.0	16.0	26.0	36.0	29.0
d__Bacteria;p__Acidobacteriota;c__Holophagae;o__Holophagales	0.0	0.0	19.0	56.0	16.0	70.0	24.0	12.0
d__Bacteria;p__Desulfobacterota;c__Desulfobacteria;o__Desulfatiglandales	4353.0	3143.0	4520.0	785.0	762.0	606.0	935.0	739.0
d__Bacteria;p__Proteobacteria;c__Alphaproteobacteria;o__Puniceispirillales	5.0	0.0	0.0	27.0	0.0	0.0	0.0	0.0
d__Bacteria;p__Verrucomicrobiota;c__Lentisphaeria;o__Oligosphaerales	0.0	0.0	0.0	5.0	2.0	0.0	0.0	0.0
d__Bacteria;p__Firmicutes;c__Clostridia;o__Eubacteriales	0.0	8.0	0.0	0.0	0.0	0.0	0.0	0.0
d__Bacteria;p__Nitrospirota;c__Nitrospiria;o__Nitrospirales	12.0	33.0	28.0	10.0	9.0	124.0	9.0	14.0
d__Bacteria;p__Verrucomicrobiota;c__Lentisphaeria;o__SS1-B-02-17	0.0	7.0	0.0	0.0	0.0	0.0	0.0	0.0
d__Bacteria;p__Chloroflexi;c__TK10;o__TK10	0.0	8.0	0.0	0.0	0.0	0.0	0.0	3.0
d__Bacteria;p__Firmicutes;c__Negativicutes;o__Acidaminococcales	41.0	66.0	242.0	98.0	93.0	199.0	246.0	29.0
d__Bacteria;p__MBNT15;c__MBNT15;o__MBNT15	281.0	229.0	128.0	63.0	55.0	82.0	30.0	46.0
d__Bacteria;p__Bdellovibrionota;c__Bdellovibrionia;o__Bdellovibrionales	0.0	8.0	0.0	13.0	2.0	0.0	0.0	6.0
d__Bacteria;p__Desulfobacterota;c__Desulfomonilia;o__Desulfomonilales	53.0	33.0	34.0	99.0	99.0	45.0	23.0	0.0
d__Bacteria;p__Proteobacteria;c__Alphaproteobacteria;o__Acetobacterales	82.0	68.0	54.0	57.0	125.0	250.0	14.0	18.0
d__Bacteria;p__Planctomycetota;c__Phycisphaerae;__	3.0	0.0	0.0	0.0	5.0	2.0	8.0	0.0
d__Bacteria;p__Planctomycetota;c__Phycisphaerae;o__mle1-8	22.0	17.0	31.0	0.0	5.0	13.0	0.0	0.0
d__Bacteria;p__Myxococcota;c__bacteriap25;o__bacteriap25	92.0	85.0	61.0	159.0	142.0	107.0	44.0	27.0
d__Bacteria;p__Proteobacteria;c__Alphaproteobacteria;o__Defluviicoccales	24.0	15.0	0.0	4.0	0.0	0.0	0.0	0.0
d__Bacteria;p__Proteobacteria;c__Alphaproteobacteria;o__Reyranellales	15.0	17.0	17.0	28.0	32.0	36.0	22.0	12.0
d__Bacteria;p__Proteobacteria;c__Alphaproteobacteria;o__Caulobacterales	242.0	435.0	335.0	664.0	774.0	1091.0	222.0	207.0
d__Bacteria;p__Methylomirabilota;c__Methylomirabilia;o__Rokubacteriales	0.0	8.0	0.0	0.0	0.0	0.0	0.0	0.0
d__Bacteria;p__Acidobacteriota;c__Acidobacteriae;o__Subgroup_2	243.0	284.0	337.0	1080.0	1137.0	2430.0	127.0	74.0
d__Bacteria;p__DTB120;c__DTB120;o__DTB120	340.0	292.0	321.0	70.0	147.0	17.0	10.0	9.0
d__Bacteria;p__Verrucomicrobiota;c__Verrucomicrobiae;o__S-BQ2-57_soil_group	50.0	60.0	58.0	171.0	180.0	73.0	22.0	18.0
d__Bacteria;p__Armatimonadota;c__Chthonomonadetes;o__Chthonomonadales	0.0	3.0	14.0	21.0	24.0	30.0	4.0	9.0
d__Bacteria;p__Armatimonadota;c__Armatimonadia;o__Armatimonadales	0.0	0.0	0.0	0.0	0.0	5.0	0.0	0.0
d__Bacteria;p__Armatimonadota;c__uncultured;o__uncultured	53.0	93.0	184.0	242.0	468.0	193.0	89.0	29.0
d__Bacteria;p__Armatimonadota;__;__	0.0	0.0	0.0	0.0	18.0	0.0	0.0	0.0
d__Bacteria;p__Actinobacteriota;c__Thermoleophilia;o__Gaiellales	253.0	202.0	374.0	195.0	155.0	235.0	145.0	65.0
d__Bacteria;p__Marinimicrobia_(SAR406_clade);c__Marinimicrobia_(SAR406_clade);o__Marinimicrobia_(SAR406_clade)	0.0	39.0	43.0	9.0	0.0	0.0	14.0	17.0
d__Bacteria;p__LCP-89;c__LCP-89;o__LCP-89	627.0	440.0	768.0	361.0	246.0	142.0	236.0	73.0
d__Bacteria;p__Gemmatimonadota;c__Gemmatimonadetes;o__Gemmatimonadales	41.0	191.0	86.0	15.0	12.0	18.0	25.0	58.0
d__Bacteria;p__Calditrichota;c__Calditrichia;o__Calditrichales	1628.0	1891.0	1566.0	38.0	32.0	20.0	266.0	444.0
d__Bacteria;p__Armatimonadota;c__DG-56;o__DG-56	59.0	76.0	88.0	84.0	103.0	171.0	18.0	0.0
d__Bacteria;p__Firmicutes;c__Desulfitobacteriia;o__Desulfitobacteriales	0.0	4.0	0.0	18.0	0.0	0.0	0.0	0.0
d__Bacteria;p__Gemmatimonadota;c__BD2-11_terrestrial_group;o__BD2-11_terrestrial_group	117.0	317.0	52.0	12.0	0.0	0.0	0.0	87.0
d__Bacteria;p__Patescibacteria;c__Parcubacteria;o__UBA9983	0.0	0.0	0.0	48.0	15.0	16.0	0.0	0.0
d__Bacteria;p__Bacteroidota;c__Kapabacteria;o__Kapabacteriales	22.0	29.0	33.0	91.0	92.0	59.0	16.0	13.0
d__Bacteria;p__CK-2C2-2;c__CK-2C2-2;o__CK-2C2-2	61.0	52.0	70.0	0.0	0.0	0.0	17.0	13.0
d__Bacteria;p__Bacteroidota;c__SJA-28;o__SJA-28	227.0	210.0	227.0	1056.0	913.0	1200.0	176.0	149.0
d__Bacteria;p__Bacteroidota;__;__	0.0	0.0	0.0	15.0	0.0	0.0	0.0	0.0
d__Bacteria;p__Edwardsbacteria;c__Edwardsbacteria;o__Edwardsbacteria	0.0	0.0	8.0	3.0	5.0	0.0	5.0	0.0
d__Bacteria;p__Bacteroidota;c__Rhodothermia;o__Rhodothermales	7.0	34.0	0.0	7.0	0.0	0.0	0.0	0.0
d__Bacteria;p__Actinobacteriota;c__RBG-16-55-12;o__RBG-16-55-12	55.0	49.0	36.0	4.0	22.0	0.0	29.0	9.0
d__Bacteria;p__Actinobacteriota;__;__	0.0	0.0	0.0	15.0	12.0	39.0	0.0	0.0
d__Bacteria;p__Actinobacteriota;c__WCHB1-81;o__WCHB1-81	37.0	16.0	52.0	32.0	46.0	12.0	21.0	13.0
d__Bacteria;p__Actinobacteriota;c__Actinobacteria;o__0319-7L14	0.0	6.0	0.0	0.0	0.0	0.0	0.0	0.0
d__Bacteria;p__Cyanobacteria;c__Vampirivibrionia;o__Gastranaerophilales	0.0	0.0	0.0	23.0	0.0	8.0	0.0	0.0
d__Bacteria;p__Fermentibacterota;c__Fermentibacteria;o__Fermentibacterales	0.0	7.0	0.0	0.0	0.0	0.0	0.0	4.0
d__Bacteria;p__Firmicutes;c__Desulfotomaculia;o__Desulfotomaculales	63.0	12.0	22.0	0.0	0.0	0.0	0.0	0.0
d__Bacteria;p__Actinobacteriota;c__Actinobacteria;o__Propionibacteriales	0.0	67.0	181.0	123.0	150.0	152.0	232.0	74.0
d__Bacteria;p__Bacteroidota;c__Ignavibacteria;o__Ignavibacteriales	263.0	542.0	283.0	633.0	631.0	1141.0	209.0	275.0
d__Bacteria;p__Bacteroidota;c__Rhodothermia;o__Balneolales	0.0	0.0	0.0	3.0	20.0	0.0	0.0	0.0
d__Bacteria;p__Firmicutes;c__Bacilli;o__Paenibacillales	15.0	21.0	23.0	149.0	312.0	138.0	25.0	11.0
d__Bacteria;p__Firmicutes;c__Negativicutes;o__Veillonellales-Selenomonadales	87.0	140.0	330.0	1053.0	4465.0	1004.0	833.0	396.0
d__Bacteria;p__Cloacimonadota;c__Cloacimonadia;o__Cloacimonadales	0.0	9.0	0.0	113.0	15.0	17.0	3.0	0.0
d__Bacteria;p__GN01;c__GN01;o__GN01	49.0	54.0	62.0	122.0	169.0	128.0	43.0	27.0
d__Bacteria;p__WS1;c__WS1;o__WS1	0.0	12.0	6.0	9.0	0.0	5.0	0.0	0.0
d__Bacteria;p__Firmicutes;c__Thermoanaerobacteria;o__Thermoanaerobacterales	0.0	8.0	0.0	0.0	0.0	0.0	0.0	5.0
d__Bacteria;p__Firmicutes;c__Syntrophomonadia;o__Syntrophomonadales	30.0	10.0	39.0	10.0	0.0	3.0	7.0	14.0
d__Bacteria;p__Armatimonadota;c__Fimbriimonadia;o__Fimbriimonadales	22.0	17.0	17.0	70.0	35.0	96.0	11.0	3.0
d__Bacteria;p__Firmicutes;c__Clostridia;o__Thermincolales	0.0	0.0	0.0	4.0	6.0	0.0	0.0	0.0
d__Bacteria;p__Actinobacteriota;c__Actinobacteria;o__Corynebacteriales	33.0	131.0	91.0	2724.0	2934.0	2687.0	1627.0	1282.0
d__Bacteria;p__Firmicutes;c__BRH-c20a;o__BRH-c20a	0.0	0.0	0.0	0.0	6.0	0.0	0.0	0.0
d__Bacteria;p__Acidobacteriota;c__Blastocatellia;o__11-24	5.0	0.0	7.0	0.0	0.0	11.0	0.0	0.0
d__Bacteria;p__Synergistota;c__Synergistia;o__Synergistales	0.0	0.0	0.0	3.0	0.0	14.0	0.0	5.0
d__Bacteria;p__Firmicutes;c__Limnochordia;o__Limnochordia	47.0	0.0	21.0	141.0	214.0	25.0	25.0	17.0
d__Bacteria;p__Firmicutes;c__Clostridia;o__Peptococcales	0.0	0.0	0.0	0.0	14.0	5.0	0.0	0.0
d__Bacteria;p__Firmicutes;c__Clostridia;o__Caldicoprobacterales	0.0	0.0	0.0	0.0	7.0	0.0	0.0	0.0
d__Bacteria;p__Proteobacteria;c__Alphaproteobacteria;o__uncultured	86.0	61.0	63.0	206.0	241.0	379.0	72.0	38.0
d__Bacteria;p__Firmicutes;c__Clostridia;o__uncultured	0.0	0.0	0.0	24.0	12.0	0.0	0.0	0.0
d__Bacteria;p__Chloroflexi;c__Ktedonobacteria;o__C0119	0.0	0.0	0.0	0.0	5.0	13.0	5.0	0.0
d__Bacteria;p__Actinobacteriota;c__Actinobacteria;o__Streptomycetales	0.0	49.0	0.0	17.0	14.0	0.0	0.0	47.0
d__Bacteria;p__Actinobacteriota;c__Actinobacteria;o__Streptosporangiales	0.0	0.0	8.0	5.0	3.0	9.0	10.0	6.0
d__Bacteria;p__Caldatribacteriota;c__JS1;o__JS1	8.0	17.0	15.0	0.0	0.0	0.0	4.0	0.0
d__Bacteria;p__Actinobacteriota;c__Actinobacteria;o__Pseudonocardiales	10.0	15.0	11.0	14.0	0.0	0.0	0.0	0.0
d__Bacteria;p__Cyanobacteria;c__Vampirivibrionia;o__Vampirovibrionales	0.0	0.0	0.0	0.0	5.0	0.0	0.0	0.0
d__Bacteria;p__Firmicutes;c__Bacilli;o__Exiguobacterales	0.0	0.0	0.0	0.0	11.0	0.0	0.0	0.0
d__Bacteria;p__Firmicutes;c__Bacilli;o__Thermoactinomycetales	0.0	0.0	0.0	0.0	0.0	6.0	0.0	0.0
d__Bacteria;p__Firmicutes;c__Bacilli;__	0.0	0.0	0.0	0.0	0.0	0.0	0.0	7.0
d__Bacteria;p__Firmicutes;c__Incertae_Sedis;o__DTU014	0.0	0.0	0.0	6.0	0.0	0.0	0.0	0.0
d__Bacteria;p__Chloroflexi;c__Chloroflexia;o__Thermomicrobiales	0.0	0.0	2.0	0.0	3.0	0.0	0.0	0.0
d__Bacteria;p__Chloroflexi;c__Ktedonobacteria;o__Ktedonobacterales	33.0	35.0	22.0	257.0	326.0	52.0	50.0	21.0
d__Bacteria;p__Spirochaetota;c__MVP-15;o__MVP-15	3.0	0.0	0.0	11.0	0.0	0.0	0.0	4.0
d__Bacteria;p__Actinobacteriota;c__Acidimicrobiia;__	0.0	0.0	0.0	0.0	0.0	7.0	0.0	0.0
d__Bacteria;p__Fibrobacterota;c__Chitinivibrionia;o__uncultured	50.0	70.0	108.0	163.0	207.0	79.0	32.0	30.0
d__Bacteria;p__Chloroflexi;c__OLB14;o__OLB14	0.0	0.0	0.0	5.0	9.0	26.0	3.0	0.0
d__Bacteria;p__GAL15;c__GAL15;o__GAL15	0.0	0.0	16.0	9.0	10.0	6.0	30.0	4.0
d__Bacteria;p__Halanaerobiaeota;c__Halanaerobiia;o__Halanaerobiales	36.0	36.0	36.0	50.0	58.0	38.0	18.0	0.0
d__Bacteria;p__Chloroflexi;c__KD4-96;o__KD4-96	126.0	117.0	112.0	305.0	300.0	381.0	49.0	33.0
d__Bacteria;p__Abditibacteriota;c__Abditibacteria;o__Abditibacteriales	0.0	4.0	0.0	0.0	15.0	0.0	0.0	0.0
d__Bacteria;p__Chloroflexi;c__Dehalococcoidia;o__S085	9.0	0.0	10.0	0.0	0.0	7.0	0.0	0.0
d__Bacteria;p__Firmicutes;c__Clostridia;o__Monoglobales	0.0	0.0	0.0	0.0	8.0	23.0	0.0	6.0
d__Bacteria;p__Bacteria;c__Bacteria;o__Bacteria	0.0	0.0	0.0	0.0	10.0	9.0	0.0	0.0
d__Bacteria;p__Bacteroidota;c__Bacteroidia;o__SM1A07	0.0	0.0	0.0	3.0	0.0	0.0	2.0	0.0
d__Bacteria;p__Cyanobacteria;c__Vampirivibrionia;o__Caenarcaniphilales	0.0	0.0	0.0	0.0	0.0	4.0	0.0	0.0
d__Bacteria;p__Myxococcota;c__Polyangia;o__VHS-B3-70	53.0	30.0	42.0	111.0	44.0	23.0	18.0	19.0
d__Bacteria;p__Actinobacteriota;c__Actinobacteria;o__Micromonosporales	0.0	0.0	0.0	0.0	0.0	25.0	16.0	17.0
d__Bacteria;p__Actinobacteriota;c__Actinobacteria;o__PeM15	0.0	18.0	0.0	0.0	0.0	0.0	0.0	7.0
d__Bacteria;p__Actinobacteriota;c__Acidimicrobiia;o__IMCC26256	5.0	4.0	14.0	43.0	28.0	89.0	0.0	0.0
d__Bacteria;p__Cyanobacteria;c__Vampirivibrionia;o__Obscuribacterales	0.0	0.0	0.0	4.0	12.0	8.0	4.0	0.0
d__Bacteria;p__Firmicutes;c__Bacilli;o__Brevibacillales	8.0	9.0	0.0	22.0	10.0	13.0	0.0	5.0
d__Bacteria;p__Actinobacteriota;c__Coriobacteriia;o__CG2-30-50-142	0.0	0.0	0.0	7.0	0.0	0.0	0.0	0.0
d__Bacteria;p__Firmicutes;c__Symbiobacteriia;o__Symbiobacteriales	0.0	0.0	0.0	0.0	0.0	4.0	0.0	0.0
d__Bacteria;p__Bdellovibrionota;c__Oligoflexia;o__Oligoflexales	0.0	5.0	20.0	4.0	6.0	5.0	15.0	0.0
d__Bacteria;p__Hydrogenedentes;c__Hydrogenedentia;o__Hydrogenedentiales	12.0	14.0	14.0	76.0	61.0	61.0	0.0	0.0
d__Bacteria;p__Fibrobacterota;c__Fibrobacteria;o__Fibrobacterales	109.0	137.0	185.0	378.0	454.0	409.0	98.0	46.0
d__Bacteria;p__RCP2-54;c__RCP2-54;o__RCP2-54	0.0	16.0	5.0	16.0	0.0	0.0	0.0	5.0
d__Bacteria;p__Desulfobacterota;c__Desulfuromonadia;o__PB19	0.0	10.0	0.0	0.0	0.0	7.0	0.0	0.0
d__Bacteria;p__Desulfobacterota;c__Dissulfuribacteria;o__Dissulfuribacterales	12.0	9.0	0.0	0.0	0.0	0.0	0.0	10.0
d__Bacteria;p__Acidobacteriota;c__c5LKS83;o__c5LKS83	0.0	8.0	0.0	0.0	0.0	0.0	0.0	0.0
d__Bacteria;p__Deferrisomatota;c__Defferrisomatia;o__Defferrisomatales	28.0	94.0	0.0	7.0	9.0	16.0	0.0	11.0
d__Bacteria;p__Gemmatimonadota;c__PAUC43f_marine_benthic_group;o__PAUC43f_marine_benthic_group	37.0	56.0	15.0	0.0	0.0	0.0	0.0	19.0
d__Bacteria;p__Poribacteria;c__Poribacteria;o__Poribacteria	204.0	176.0	818.0	49.0	42.0	34.0	205.0	8.0
d__Bacteria;p__Acidobacteriota;c__Subgroup_26;o__Subgroup_26	3.0	4.0	0.0	0.0	0.0	0.0	0.0	0.0
d__Bacteria;p__Verrucomicrobiota;c__Verrucomicrobiae;o__Methylacidiphilales	0.0	0.0	0.0	14.0	11.0	10.0	0.0	3.0
d__Bacteria;p__Planctomycetota;c__SPG12-343-353-B69;o__SPG12-343-353-B69	0.0	0.0	7.0	0.0	0.0	0.0	0.0	5.0
d__Bacteria;p__Planctomycetota;c__Phycisphaerae;o__Amsterdam-1B-07	0.0	5.0	0.0	0.0	0.0	0.0	3.0	3.0
d__Bacteria;p__Planctomycetota;c__Phycisphaerae;o__Pla1_lineage	7.0	0.0	59.0	44.0	52.0	21.0	12.0	0.0
d__Bacteria;p__Planctomycetota;c__Phycisphaerae;o__S-70	0.0	6.0	0.0	0.0	7.0	17.0	0.0	0.0
d__Bacteria;p__Proteobacteria;c__Alphaproteobacteria;o__Micavibrionales	0.0	2.0	8.0	0.0	0.0	0.0	10.0	0.0
d__Bacteria;p__Nitrospirota;c__Thermodesulfovibrionia;o__uncultured	1533.0	859.0	1110.0	883.0	641.0	839.0	265.0	169.0
d__Bacteria;p__Desulfobacterota;c__Desulfuromonadia;__	5.0	41.0	0.0	7.0	0.0	18.0	0.0	14.0
d__Bacteria;p__Desulfobacterota;c__Syntrophia;o__Syntrophales	1347.0	1115.0	1212.0	5124.0	5059.0	3976.0	900.0	604.0
d__Bacteria;p__Gemmatimonadota;c__S0134_terrestrial_group;o__S0134_terrestrial_group	5.0	12.0	6.0	0.0	0.0	0.0	0.0	0.0
d__Bacteria;p__Desulfobacterota;c__Desulfuromonadia;o__Bradymonadales	0.0	10.0	15.0	0.0	0.0	6.0	0.0	0.0
d__Bacteria;p__Verrucomicrobiota;c__Chlamydiae;o__LD1-PA32	29.0	9.0	17.0	9.0	23.0	26.0	11.0	3.0
d__Bacteria;p__Planctomycetota;c__Brocadiae;o__SM23-32	2.0	0.0	0.0	0.0	0.0	0.0	0.0	0.0
d__Bacteria;p__Entotheonellaeota;c__Entotheonellia;o__Entotheonellales	0.0	11.0	11.0	4.0	3.0	9.0	10.0	4.0
d__Bacteria;p__Planctomycetota;c__Phycisphaerae;o__C86	0.0	0.0	9.0	0.0	0.0	0.0	0.0	0.0
d__Bacteria;p__Proteobacteria;c__Alphaproteobacteria;o__Paracaedibacterales	6.0	9.0	3.0	0.0	0.0	18.0	0.0	0.0
d__Bacteria;p__Firestonebacteria;c__Firestonebacteria;o__Firestonebacteria	7.0	0.0	8.0	66.0	120.0	99.0	14.0	5.0
d__Bacteria;p__Elusimicrobiota;c__4-29;o__4-29	2.0	0.0	0.0	0.0	0.0	0.0	0.0	0.0
d__Bacteria;p__Acidobacteriota;c__Acidobacteriae;o__Subgroup_12	19.0	19.0	17.0	34.0	80.0	67.0	6.0	0.0
d__Bacteria;p__Methylomirabilota;c__Methylomirabilia;o__Methylomirabilales	255.0	133.0	172.0	524.0	565.0	1008.0	134.0	45.0
d__Bacteria;p__Acidobacteriota;c__Acidobacteriae;o__Bryobacterales	217.0	202.0	246.0	977.0	925.0	1015.0	163.0	78.0
d__Bacteria;p__Acidobacteriota;c__Acidobacteriae;o__Acidobacteriae	9.0	0.0	43.0	100.0	81.0	46.0	42.0	18.0
d__Bacteria;p__Acidobacteriota;c__Acidobacteriae;o__PAUC26f	0.0	0.0	0.0	0.0	0.0	12.0	0.0	0.0
d__Bacteria;p__Bdellovibrionota;c__Oligoflexia;o__Silvanigrellales	3.0	0.0	5.0	2.0	3.0	0.0	0.0	0.0
d__Bacteria;p__Proteobacteria;c__Alphaproteobacteria;__	0.0	11.0	0.0	7.0	5.0	30.0	0.0	0.0
d__Bacteria;p__Proteobacteria;c__Alphaproteobacteria;o__Micropepsales	40.0	58.0	56.0	277.0	282.0	287.0	35.0	47.0
d__Bacteria;p__Modulibacteria;c__Moduliflexia;o__Moduliflexales	56.0	119.0	28.0	0.0	0.0	0.0	0.0	15.0
d__Bacteria;p__Gemmatimonadota;c__Longimicrobia;o__Longimicrobiales	0.0	4.0	0.0	0.0	0.0	0.0	0.0	0.0
d__Bacteria;p__Proteobacteria;c__Alphaproteobacteria;o__Zavarziniales	0.0	0.0	0.0	9.0	0.0	0.0	0.0	0.0
d__Bacteria;p__NKB15;c__NKB15;o__NKB15	148.0	207.0	160.0	307.0	353.0	273.0	26.0	56.0
d__Bacteria;p__Myxococcota;c__Polyangia;o__Blfdi19	0.0	0.0	0.0	20.0	5.0	4.0	0.0	0.0
d__Bacteria;p__Acidobacteriota;c__Vicinamibacteria;o__Vicinamibacterales	63.0	104.0	94.0	209.0	214.0	203.0	68.0	42.0
d__Bacteria;p__Acidobacteriota;c__Vicinamibacteria;o__Subgroup_9	28.0	86.0	8.0	0.0	0.0	0.0	0.0	13.0
d__Bacteria;p__Proteobacteria;c__Alphaproteobacteria;o__Elsterales	40.0	51.0	105.0	213.0	248.0	411.0	54.0	75.0
d__Bacteria;p__Acidobacteriota;c__Vicinamibacteria;o__Subgroup_17	22.0	50.0	223.0	107.0	106.0	188.0	229.0	42.0
d__Bacteria;p__Acidobacteriota;c__Subgroup_11;o__Subgroup_11	39.0	54.0	59.0	19.0	28.0	131.0	9.0	5.0
d__Bacteria;p__AncK6;c__AncK6;o__AncK6	14.0	0.0	7.0	48.0	33.0	30.0	5.0	8.0
d__Bacteria;p__Acidobacteriota;c__Subgroup_21;o__Subgroup_21	58.0	93.0	48.0	0.0	0.0	0.0	9.0	30.0
d__Bacteria;p__Proteobacteria;c__Alphaproteobacteria;o__Kiloniellales	9.0	20.0	0.0	0.0	0.0	0.0	0.0	7.0
d__Bacteria;p__Proteobacteria;c__Magnetococcia;o__Magnetococcales	0.0	4.0	0.0	0.0	0.0	0.0	0.0	0.0
d__Bacteria;p__Acidobacteriota;c__Subgroup_18;o__Subgroup_18	1698.0	1531.0	2336.0	3859.0	4178.0	5206.0	853.0	463.0
d__Bacteria;p__Acidobacteriota;c__Blastocatellia;o__DS-100	0.0	6.0	0.0	0.0	0.0	0.0	0.0	4.0
d__Bacteria;p__Proteobacteria;c__Alphaproteobacteria;o__Azospirillales	9.0	29.0	10.0	23.0	51.0	98.0	0.0	0.0
d__Bacteria;p__Proteobacteria;c__Alphaproteobacteria;o__Dongiales	6.0	20.0	4.0	8.0	8.0	0.0	0.0	7.0
d__Bacteria;p__Desulfobacterota;c__Syntrophorhabdia;o__Syntrophorhabdales	454.0	495.0	564.0	1898.0	1725.0	1571.0	296.0	186.0
d__Bacteria;p__Acidobacteriota;c__Subgroup_5;o__Subgroup_5	14.0	20.0	8.0	45.0	32.0	76.0	15.0	16.0
d__Bacteria;p__Proteobacteria;c__Alphaproteobacteria;o__Thalassobaculales	0.0	0.0	20.0	15.0	10.0	14.0	30.0	7.0
d__Bacteria;p__Nitrospinota;c__P9X2b3D02;o__P9X2b3D02	14.0	0.0	0.0	0.0	0.0	0.0	0.0	0.0
d__Bacteria;p__Acidobacteriota;c__Acidobacteriota;o__Acidobacteriota	64.0	65.0	69.0	128.0	129.0	34.0	27.0	0.0
d__Bacteria;p__Acidobacteriota;c__Acidobacteriae;o__Subgroup_13	95.0	9.0	139.0	60.0	62.0	108.0	74.0	12.0
d__Bacteria;p__Acidobacteriota;c__Acidobacteriae;__	57.0	8.0	34.0	155.0	166.0	197.0	25.0	22.0
d__Bacteria;p__Acidobacteriota;c__Acidobacteriae;o__AKIW659	78.0	68.0	60.0	186.0	252.0	158.0	24.0	17.0
d__Bacteria;p__Nitrospirota;c__Thermodesulfovibrionia;o__Thermodesulfovibrionales	0.0	6.0	0.0	0.0	0.0	0.0	0.0	0.0
d__Bacteria;p__Spirochaetota;c__V2072-189E03;o__V2072-189E03	0.0	0.0	0.0	14.0	15.0	3.0	0.0	0.0
d__Bacteria;p__TX1A-33;c__TX1A-33;o__TX1A-33	7.0	0.0	0.0	6.0	12.0	7.0	0.0	0.0
d__Bacteria;p__Desulfobacterota;c__Desulfuromonadia;o__Desulfuromonadia	208.0	412.0	130.0	0.0	0.0	0.0	24.0	77.0
d__Bacteria;p__Desulfobacterota;c__Desulfuromonadia;o__Geobacterales	688.0	678.0	612.0	1472.0	1405.0	1921.0	372.0	282.0
d__Bacteria;p__Desulfobacterota;c__Desulfuromonadia;o__C8S-102	0.0	9.0	0.0	0.0	0.0	0.0	0.0	0.0
d__Bacteria;p__Acidobacteriota;__;__	0.0	0.0	0.0	16.0	51.0	25.0	0.0	0.0
d__Bacteria;p__Acidobacteriota;c__Acidobacteriae;o__Acidobacteriales	446.0	445.0	479.0	456.0	672.0	1298.0	89.0	36.0
d__Bacteria;p__Verrucomicrobiota;c__Lentisphaeria;o__Victivallales	5.0	2.0	0.0	20.0	18.0	12.0	0.0	7.0
d__Bacteria;p__Verrucomicrobiota;c__Verrucomicrobiae;o__Chthoniobacterales	4.0	12.0	10.0	30.0	27.0	8.0	0.0	2.0
d__Bacteria;p__Deferribacterota;c__Deferribacteres;o__Deferribacterales	0.0	22.0	10.0	14.0	14.0	16.0	15.0	20.0
d__Bacteria;p__Acidobacteriota;c__Acidobacteriae;o__GOUTB8	48.0	43.0	61.0	179.0	121.0	367.0	33.0	0.0
d__Bacteria;p__Acidobacteriota;c__Acidobacteriae;o__TSBb06	25.0	0.0	24.0	33.0	25.0	69.0	15.0	0.0
d__Bacteria;p__Acidobacteriota;c__Acidobacteriae;o__Solibacterales	174.0	166.0	240.0	631.0	652.0	647.0	101.0	37.0
d__Archaea;__;__;__	1650.0	849.0	1344.0	112.0	145.0	7.0	24.0	46.0
d__Archaea;p__Asgardarchaeota;c__Lokiarchaeia;o__Lokiarchaeia	855.0	597.0	1439.0	427.0	362.0	93.0	76.0	83.0
d__Bacteria;p__PAUC34f;c__PAUC34f;o__PAUC34f	17.0	16.0	34.0	41.0	16.0	8.0	2.0	0.0
d__Bacteria;p__Verrucomicrobiota;c__Verrucomicrobiae;o__Pedosphaerales	830.0	866.0	826.0	3879.0	4016.0	3819.0	476.0	349.0
d__Bacteria;p__Verrucomicrobiota;c__Verrucomicrobiae;o__B29	0.0	0.0	0.0	19.0	12.0	0.0	0.0	0.0
d__Bacteria;p__Proteobacteria;c__Zetaproteobacteria;o__Mariprofundales	0.0	9.0	0.0	0.0	0.0	0.0	0.0	0.0
d__Bacteria;p__Nitrospirota;c__4-29-1;o__4-29-1	528.0	493.0	500.0	2496.0	1716.0	2240.0	330.0	255.0
d__Bacteria;p__Nitrospirota;c__Leptospirillia;o__Leptospirillales	4.0	0.0	11.0	8.0	0.0	15.0	5.0	4.0
d__Bacteria;p__Verrucomicrobiota;c__Kiritimatiellae;o__WCHB1-41	0.0	9.0	8.0	243.0	162.0	76.0	8.0	19.0
d__Bacteria;p__Acidobacteriota;c__Blastocatellia;o__Blastocatellales	0.0	5.0	0.0	0.0	3.0	8.0	6.0	10.0
d__Bacteria;p__Proteobacteria;c__Proteobacteria;o__Proteobacteria	0.0	10.0	0.0	0.0	0.0	0.0	0.0	0.0
d__Bacteria;p__Acidobacteriota;c__Blastocatellia;__	0.0	0.0	0.0	5.0	0.0	0.0	0.0	0.0
d__Bacteria;p__Verrucomicrobiota;c__Verrucomicrobiae;__	0.0	5.0	0.0	0.0	8.0	3.0	0.0	0.0
d__Bacteria;p__Planctomycetota;c__Phycisphaerae;o__DG-20	0.0	5.0	0.0	0.0	0.0	0.0	0.0	0.0
d__Archaea;p__Micrarchaeota;c__Micrarchaeia;o__Micrarchaeales	26.0	37.0	87.0	76.0	22.0	28.0	15.0	0.0
d__Eukaryota;__;__;__	0.0	8.0	0.0	0.0	3.0	0.0	0.0	0.0
d__Archaea;p__Halobacterota;c__Archaeoglobi;o__Archaeoglobales	5.0	2.0	5.0	0.0	0.0	0.0	0.0	0.0
d__Archaea;p__Thermoplasmatota;c__Thermoplasmata;o__Marine_Benthic_Group_D_and_DHVEG-1	1251.0	1183.0	1871.0	2323.0	1098.0	353.0	312.0	162.0
d__Archaea;p__Aenigmarchaeota;c__Deep_Sea_Euryarchaeotic_Group(DSEG);o__Deep_Sea_Euryarchaeotic_Group(DSEG)	130.0	77.0	121.0	410.0	205.0	117.0	33.0	28.0
d__Archaea;p__Halobacterota;__;__	6.0	0.0	4.0	0.0	0.0	0.0	0.0	0.0
d__Archaea;p__Asgardarchaeota;c__Odinarchaeia;o__Odinarchaeia	61.0	66.0	69.0	0.0	0.0	0.0	0.0	0.0
d__Archaea;p__Asgardarchaeota;c__Heimdallarchaeia;o__Heimdallarchaeia	0.0	0.0	10.0	0.0	0.0	0.0	0.0	0.0
d__Archaea;p__Altiarchaeota;c__Altiarchaeia;o__Altiarchaeales	43.0	50.0	59.0	192.0	121.0	60.0	26.0	4.0
d__Archaea;p__Thermoplasmatota;c__Thermoplasmata;o__Thermoplasmata	35.0	29.0	31.0	0.0	0.0	0.0	7.0	0.0
d__Archaea;p__Halobacterota;c__Methanosarcinia;o__Methanosarciniales	756.0	303.0	440.0	766.0	380.0	709.0	86.0	37.0
d__Archaea;p__Euryarchaeota;c__Methanobacteria;o__Methanobacteriales	68.0	53.0	71.0	324.0	159.0	144.0	129.0	2.0
d__Archaea;p__Thermoplasmatota;c__Thermoplasmatota;o__Thermoplasmatota	31.0	12.0	8.0	0.0	0.0	0.0	0.0	0.0
d__Archaea;p__Asgardarchaeota;c__Asgardarchaeota;o__Asgardarchaeota	15.0	9.0	5.0	0.0	0.0	0.0	2.0	0.0
d__Archaea;p__Thermoplasmatota;c__Thermoplasmata;o__Marine_Group_II	0.0	0.0	3.0	4.0	0.0	0.0	37.0	0.0
d__Archaea;p__Thermoplasmatota;c__Thermoplasmata;o__JdFR-43	52.0	35.0	100.0	0.0	0.0	0.0	0.0	9.0
d__Archaea;p__Crenarchaeota;c__Nitrososphaeria;o__SCGC_AB-179-E04	53.0	27.0	19.0	37.0	31.0	67.0	0.0	0.0
d__Archaea;p__Crenarchaeota;c__Nitrososphaeria;o__Nitrosotaleales	103.0	76.0	77.0	617.0	349.0	135.0	57.0	53.0
d__Archaea;p__Crenarchaeota;c__Nitrososphaeria;o__Caldiarchaeales	7.0	6.0	5.0	0.0	0.0	0.0	0.0	0.0
d__Archaea;p__Crenarchaeota;c__Nitrososphaeria;o__Nitrosopumilales	0.0	0.0	0.0	28.0	0.0	0.0	0.0	8.0
d__Archaea;p__Euryarchaeota;__;__	3.0	2.0	0.0	0.0	0.0	0.0	0.0	0.0
d__Archaea;p__Crenarchaeota;c__Nitrososphaeria;o__Nitrososphaerales	34.0	0.0	12.0	9.0	15.0	3.0	0.0	0.0
d__Archaea;p__Crenarchaeota;c__Nitrososphaeria;o__Marine_Benthic_Group_A	59.0	21.0	42.0	48.0	42.0	21.0	13.0	0.0
d__Archaea;p__Crenarchaeota;c__Methanomethylicia;o__Methanomethyliales	7.0	0.0	0.0	0.0	0.0	9.0	0.0	0.0
d__Archaea;p__Crenarchaeota;c__Nitrososphaeria;__	29.0	0.0	0.0	0.0	0.0	0.0	0.0	0.0
d__Archaea;p__Asgardarchaeota;__;__	38.0	0.0	14.0	0.0	0.0	0.0	0.0	0.0
d__Archaea;p__Thermoplasmatota;c__Thermoplasmata;o__uncultured	280.0	339.0	331.0	206.0	91.0	104.0	28.0	27.0
d__Archaea;p__Halobacterota;c__Methanomicrobia;o__Methanomicrobiales	3469.0	541.0	787.0	2303.0	1609.0	1616.0	126.0	104.0
d__Archaea;p__Hydrothermarchaeota;c__Hydrothermarchaeia;o__Hydrothermarchaeales	8.0	0.0	9.0	0.0	0.0	0.0	0.0	0.0
d__Archaea;p__Thermoplasmatota;c__Thermoplasmata;o__SG8-5	20.0	44.0	27.0	0.0	0.0	0.0	0.0	0.0
d__Archaea;p__Thermoplasmatota;c__Thermoplasmata;o__Methanomassiliicoccales	509.0	283.0	447.0	1867.0	1727.0	461.0	34.0	45.0
d__Archaea;p__Halobacterota;c__ANME-1;o__ANME-1b	72.0	8.0	21.0	0.0	0.0	0.0	7.0	0.0
d__Archaea;p__Halobacterota;c__Methanocellia;o__Methanocellales	59.0	20.0	67.0	128.0	147.0	112.0	55.0	0.0
d__Archaea;p__Hadarchaeota;c__Hadarchaeia;o__Hadarchaeia	3.0	0.0	0.0	0.0	0.0	0.0	0.0	0.0
d__Archaea;p__Thermoplasmatota;c__Thermoplasmata;__	0.0	0.0	0.0	0.0	3.0	0.0	0.0	0.0
d__Archaea;p__Aenigmarchaeota;__;__	3.0	0.0	0.0	2.0	0.0	3.0	0.0	0.0