#OTU ID	I1	I2	I3	S1	S2	S3	V1	V2	taxa
Unassigned;__;__;__;__;__	232	591	466	65	269	567	992	2800	Unassigned;__;__;__;__;__
d__Bacteria;p__Acidobacteriota;c__Aminicenantia;o__Aminicenantales;f__Aminicenantales;g__Aminicenantales	740	820	1260	1151	1908	1203	492	278	d__Bacteria;p__Acidobacteriota;c__Aminicenantia;o__Aminicenantales;f__Aminicenantales;g__Aminicenantales
d__Bacteria;p__Chloroflexi;c__Anaerolineae;o__Anaerolineales;f__Anaerolineaceae;g__uncultured	3559	3753	2467	3971	4680	3829	801	963	d__Bacteria;p__Chloroflexi;c__Anaerolineae;o__Anaerolineales;f__Anaerolineaceae;g__uncultured
d__Bacteria;__;__;__;__;__	1098	1088	932	1531	1523	1248	408	326	d__Bacteria;__;__;__;__;__
d__Bacteria;p__Chloroflexi;c__Dehalococcoidia;__;__;__	1005	521	1085	267	402	252	283	114	d__Bacteria;p__Chloroflexi;c__Dehalococcoidia;__;__;__
d__Bacteria;p__Chloroflexi;c__Dehalococcoidia;o__RBG-13-46-9;f__RBG-13-46-9;g__RBG-13-46-9	334	181	241	182	204	156	58	75	d__Bacteria;p__Chloroflexi;c__Dehalococcoidia;o__RBG-13-46-9;f__RBG-13-46-9;g__RBG-13-46-9
d__Bacteria;p__Chloroflexi;c__Dehalococcoidia;o__GIF9;f__GIF9;g__GIF9	273	135	210	196	224	97	59	42	d__Bacteria;p__Chloroflexi;c__Dehalococcoidia;o__GIF9;f__GIF9;g__GIF9
d__Bacteria;p__Chloroflexi;c__Anaerolineae;o__SBR1031;f__SBR1031;g__SBR1031	3086	2037	1689	102	98	286	272	440	d__Bacteria;p__Chloroflexi;c__Anaerolineae;o__SBR1031;f__SBR1031;g__SBR1031
d__Bacteria;p__Dependentiae;c__Babeliae;o__Babeliales;f__Babeliales;g__Babeliales	151	146	315	467	644	382	253	85	d__Bacteria;p__Dependentiae;c__Babeliae;o__Babeliales;f__Babeliales;g__Babeliales
d__Bacteria;p__Myxococcota;c__Polyangia;o__Haliangiales;f__Haliangiaceae;g__Haliangium	63	70	65	232	187	319	38	43	d__Bacteria;p__Myxococcota;c__Polyangia;o__Haliangiales;f__Haliangiaceae;g__Haliangium
d__Bacteria;p__Myxococcota;c__Polyangia;o__Polyangiales;f__Polyangiaceae;g__Pajaroellobacter	92	48	46	164	102	144	32	27	d__Bacteria;p__Myxococcota;c__Polyangia;o__Polyangiales;f__Polyangiaceae;g__Pajaroellobacter
d__Bacteria;p__WOR-1;c__WOR-1;o__WOR-1;f__WOR-1;g__WOR-1	338	326	486	950	1048	1268	268	164	d__Bacteria;p__WOR-1;c__WOR-1;o__WOR-1;f__WOR-1;g__WOR-1
d__Bacteria;p__Latescibacterota;c__Latescibacterota;o__Latescibacterota;f__Latescibacterota;g__Latescibacterota	848	561	839	487	604	729	273	132	d__Bacteria;p__Latescibacterota;c__Latescibacterota;o__Latescibacterota;f__Latescibacterota;g__Latescibacterota
d__Bacteria;p__Latescibacterota;c__Latescibacteria;o__Latescibacterales;f__Latescibacteraceae;g__Latescibacteraceae	305	191	354	164	212	58	91	53	d__Bacteria;p__Latescibacterota;c__Latescibacteria;o__Latescibacterales;f__Latescibacteraceae;g__Latescibacteraceae
d__Bacteria;p__Myxococcota;c__Polyangia;o__Polyangiales;f__Polyangiaceae;__	253	123	191	34	63	0	58	31	d__Bacteria;p__Myxococcota;c__Polyangia;o__Polyangiales;f__Polyangiaceae;__
d__Bacteria;p__Schekmanbacteria;c__Schekmanbacteria;o__Schekmanbacteria;f__Schekmanbacteria;g__Schekmanbacteria	492	369	441	47	54	37	120	82	d__Bacteria;p__Schekmanbacteria;c__Schekmanbacteria;o__Schekmanbacteria;f__Schekmanbacteria;g__Schekmanbacteria
d__Bacteria;p__Proteobacteria;c__Gammaproteobacteria;o__Burkholderiales;f__Burkholderiaceae;g__Burkholderia-Caballeronia-Paraburkholderia	183	284	180	167	364	407	53	70	d__Bacteria;p__Proteobacteria;c__Gammaproteobacteria;o__Burkholderiales;f__Burkholderiaceae;g__Burkholderia-Caballeronia-Paraburkholderia
d__Bacteria;p__Zixibacteria;c__Zixibacteria;o__Zixibacteria;f__Zixibacteria;g__Zixibacteria	1189	1126	1355	1859	1860	1584	458	354	d__Bacteria;p__Zixibacteria;c__Zixibacteria;o__Zixibacteria;f__Zixibacteria;g__Zixibacteria
d__Bacteria;p__Verrucomicrobiota;c__Omnitrophia;o__Omnitrophales;f__Omnitrophaceae;g__Candidatus_Omnitrophus	549	450	854	1584	2226	1216	361	171	d__Bacteria;p__Verrucomicrobiota;c__Omnitrophia;o__Omnitrophales;f__Omnitrophaceae;g__Candidatus_Omnitrophus
d__Archaea;p__Nanoarchaeota;c__Nanoarchaeia;o__Woesearchaeales;f__Woesearchaeales;g__Woesearchaeales	874	462	905	297	265	72	86	45	d__Archaea;p__Nanoarchaeota;c__Nanoarchaeia;o__Woesearchaeales;f__Woesearchaeales;g__Woesearchaeales
d__Bacteria;p__Proteobacteria;c__Gammaproteobacteria;__;__;__	1393	1011	282	99	61	70	26	127	d__Bacteria;p__Proteobacteria;c__Gammaproteobacteria;__;__;__
d__Bacteria;p__Chloroflexi;c__Dehalococcoidia;o__Dehalococcoidales;f__uncultured;g__uncultured	160	80	105	317	277	157	80	28	d__Bacteria;p__Chloroflexi;c__Dehalococcoidia;o__Dehalococcoidales;f__uncultured;g__uncultured
d__Bacteria;p__Verrucomicrobiota;c__Chlamydiae;o__Chlamydiales;f__cvE6;g__cvE6	24	75	157	254	362	249	151	59	d__Bacteria;p__Verrucomicrobiota;c__Chlamydiae;o__Chlamydiales;f__cvE6;g__cvE6
d__Bacteria;p__TA06;c__TA06;o__TA06;f__TA06;g__TA06	236	146	384	201	119	85	94	25	d__Bacteria;p__TA06;c__TA06;o__TA06;f__TA06;g__TA06
d__Bacteria;p__Spirochaetota;c__Leptospirae;o__Leptospirales;f__Leptospiraceae;g__RBG-16-49-21	428	365	366	1123	1268	1108	242	182	d__Bacteria;p__Spirochaetota;c__Leptospirae;o__Leptospirales;f__Leptospiraceae;g__RBG-16-49-21
d__Bacteria;p__Proteobacteria;c__Gammaproteobacteria;o__Coxiellales;f__Coxiellaceae;g__Coxiella	90	76	90	387	256	176	74	49	d__Bacteria;p__Proteobacteria;c__Gammaproteobacteria;o__Coxiellales;f__Coxiellaceae;g__Coxiella
d__Bacteria;p__Proteobacteria;c__Gammaproteobacteria;o__Pasteurellales;f__Pasteurellaceae;__	157	1357	325	137	184	113	277	400	d__Bacteria;p__Proteobacteria;c__Gammaproteobacteria;o__Pasteurellales;f__Pasteurellaceae;__
d__Bacteria;p__Proteobacteria;c__Gammaproteobacteria;o__Gammaproteobacteria_Incertae_Sedis;f__Unknown_Family;g__Acidibacter	50	59	36	300	249	268	32	53	d__Bacteria;p__Proteobacteria;c__Gammaproteobacteria;o__Gammaproteobacteria_Incertae_Sedis;f__Unknown_Family;g__Acidibacter
d__Bacteria;p__Proteobacteria;c__Gammaproteobacteria;o__Burkholderiales;f__Neisseriaceae;g__Neisseria	0	112	40	43	31	23	32	92	d__Bacteria;p__Proteobacteria;c__Gammaproteobacteria;o__Burkholderiales;f__Neisseriaceae;g__Neisseria
d__Bacteria;p__Proteobacteria;c__Gammaproteobacteria;o__Steroidobacterales;f__Steroidobacteraceae;g__uncultured	129	120	103	511	638	812	138	110	d__Bacteria;p__Proteobacteria;c__Gammaproteobacteria;o__Steroidobacterales;f__Steroidobacteraceae;g__uncultured
d__Bacteria;p__Proteobacteria;c__Gammaproteobacteria;o__Enterobacterales;f__Morganellaceae;g__Proteus	8	51	28	23	31	36	50	60	d__Bacteria;p__Proteobacteria;c__Gammaproteobacteria;o__Enterobacterales;f__Morganellaceae;g__Proteus
d__Bacteria;p__Proteobacteria;c__Gammaproteobacteria;o__Enterobacterales;f__Enterobacteriaceae;__	80	694	334	446	2638	550	550	734	d__Bacteria;p__Proteobacteria;c__Gammaproteobacteria;o__Enterobacterales;f__Enterobacteriaceae;__
d__Bacteria;p__Proteobacteria;c__Gammaproteobacteria;o__Aeromonadales;f__Aeromonadaceae;g__Aeromonas	56	102	371	231	279	160	552	139	d__Bacteria;p__Proteobacteria;c__Gammaproteobacteria;o__Aeromonadales;f__Aeromonadaceae;g__Aeromonas
d__Bacteria;p__Firmicutes;c__Clostridia;o__Christensenellales;f__Christensenellaceae;g__Christensenellaceae_R-7_group	75	83	230	61	73	198	144	55	d__Bacteria;p__Firmicutes;c__Clostridia;o__Christensenellales;f__Christensenellaceae;g__Christensenellaceae_R-7_group
d__Bacteria;p__Proteobacteria;c__Gammaproteobacteria;o__Enterobacterales;f__Yersiniaceae;g__Serratia	37	589	382	298	353	257	589	709	d__Bacteria;p__Proteobacteria;c__Gammaproteobacteria;o__Enterobacterales;f__Yersiniaceae;g__Serratia
d__Bacteria;p__Proteobacteria;c__Gammaproteobacteria;o__Enterobacterales;f__Enterobacteriaceae;g__Escherichia-Shigella	44	475	182	178	283	205	282	614	d__Bacteria;p__Proteobacteria;c__Gammaproteobacteria;o__Enterobacterales;f__Enterobacteriaceae;g__Escherichia-Shigella
d__Bacteria;p__Proteobacteria;c__Gammaproteobacteria;o__CCD24;f__CCD24;g__CCD24	31	28	0	179	170	246	27	30	d__Bacteria;p__Proteobacteria;c__Gammaproteobacteria;o__CCD24;f__CCD24;g__CCD24
d__Bacteria;p__Proteobacteria;c__Gammaproteobacteria;o__Pseudomonadales;f__Pseudomonadaceae;g__Pseudomonas	212	283	142	105	143	162	116	215	d__Bacteria;p__Proteobacteria;c__Gammaproteobacteria;o__Pseudomonadales;f__Pseudomonadaceae;g__Pseudomonas
d__Bacteria;p__Proteobacteria;c__Gammaproteobacteria;o__Burkholderiales;f__Nitrosomonadaceae;g__mle1-7	59	57	59	345	362	505	57	59	d__Bacteria;p__Proteobacteria;c__Gammaproteobacteria;o__Burkholderiales;f__Nitrosomonadaceae;g__mle1-7
d__Bacteria;p__Proteobacteria;c__Gammaproteobacteria;o__Burkholderiales;f__Comamonadaceae;__	698	811	783	955	2131	2076	188	151	d__Bacteria;p__Proteobacteria;c__Gammaproteobacteria;o__Burkholderiales;f__Comamonadaceae;__
d__Bacteria;p__Proteobacteria;c__Gammaproteobacteria;o__Burkholderiales;f__Comamonadaceae;g__Curvibacter	0	37	73	481	570	416	55	58	d__Bacteria;p__Proteobacteria;c__Gammaproteobacteria;o__Burkholderiales;f__Comamonadaceae;g__Curvibacter
d__Bacteria;p__Proteobacteria;c__Gammaproteobacteria;o__Burkholderiales;f__Chromobacteriaceae;g__Aquitalea	225	255	222	640	1902	891	123	110	d__Bacteria;p__Proteobacteria;c__Gammaproteobacteria;o__Burkholderiales;f__Chromobacteriaceae;g__Aquitalea
d__Bacteria;p__Proteobacteria;c__Gammaproteobacteria;o__Burkholderiales;f__Rhodocyclaceae;g__uncultured	45	49	50	225	390	625	44	48	d__Bacteria;p__Proteobacteria;c__Gammaproteobacteria;o__Burkholderiales;f__Rhodocyclaceae;g__uncultured
d__Bacteria;p__Proteobacteria;c__Gammaproteobacteria;o__Burkholderiales;f__Oxalobacteraceae;g__Massilia	0	33	39	34	30	41	36	30	d__Bacteria;p__Proteobacteria;c__Gammaproteobacteria;o__Burkholderiales;f__Oxalobacteraceae;g__Massilia
d__Bacteria;p__Proteobacteria;c__Gammaproteobacteria;o__Burkholderiales;f__Alcaligenaceae;g__Alcaligenes	25	538	190	198	208	190	220	481	d__Bacteria;p__Proteobacteria;c__Gammaproteobacteria;o__Burkholderiales;f__Alcaligenaceae;g__Alcaligenes
d__Bacteria;p__Proteobacteria;c__Gammaproteobacteria;o__Burkholderiales;f__Sutterellaceae;g__Parasutterella	29	73	187	64	110	167	149	38	d__Bacteria;p__Proteobacteria;c__Gammaproteobacteria;o__Burkholderiales;f__Sutterellaceae;g__Parasutterella
d__Bacteria;p__Proteobacteria;c__Gammaproteobacteria;o__Pseudomonadales;f__Moraxellaceae;g__Acinetobacter	51	353	91	174	224	313	106	223	d__Bacteria;p__Proteobacteria;c__Gammaproteobacteria;o__Pseudomonadales;f__Moraxellaceae;g__Acinetobacter
d__Bacteria;p__Firmicutes;c__Clostridia;o__Clostridiales;f__Clostridiaceae;g__Clostridium_sensu_stricto_1	72	165	97	222	169	166	87	146	d__Bacteria;p__Firmicutes;c__Clostridia;o__Clostridiales;f__Clostridiaceae;g__Clostridium_sensu_stricto_1
d__Bacteria;p__Proteobacteria;c__Alphaproteobacteria;o__Rhizobiales;f__Beijerinckiaceae;g__Methylobacterium-Methylorubrum	28	316	1827	815	935	834	4660	661	d__Bacteria;p__Proteobacteria;c__Alphaproteobacteria;o__Rhizobiales;f__Beijerinckiaceae;g__Methylobacterium-Methylorubrum
d__Bacteria;p__Firmicutes;c__Clostridia;o__Lachnospirales;f__Lachnospiraceae;__	16	59	234	84	106	172	245	72	d__Bacteria;p__Firmicutes;c__Clostridia;o__Lachnospirales;f__Lachnospiraceae;__
d__Bacteria;p__Proteobacteria;c__Gammaproteobacteria;o__Xanthomonadales;f__Xanthomonadaceae;g__Stenotrophomonas	16	195	78	56	88	82	64	133	d__Bacteria;p__Proteobacteria;c__Gammaproteobacteria;o__Xanthomonadales;f__Xanthomonadaceae;g__Stenotrophomonas
d__Bacteria;p__Spirochaetota;c__Brevinematia;o__Brevinematales;f__Brevinemataceae;g__Brevinema	49	69	45	336	148	113	43	45	d__Bacteria;p__Spirochaetota;c__Brevinematia;o__Brevinematales;f__Brevinemataceae;g__Brevinema
d__Bacteria;p__Bacteroidota;c__Kryptonia;o__Kryptoniales;f__BSV26;g__BSV26	2112	2237	2750	10892	9016	8289	1359	828	d__Bacteria;p__Bacteroidota;c__Kryptonia;o__Kryptoniales;f__BSV26;g__BSV26
d__Bacteria;p__Firmicutes;c__Bacilli;o__Lactobacillales;f__Lactobacillaceae;g__Lactobacillus	197	2216	718	514	783	902	754	1208	d__Bacteria;p__Firmicutes;c__Bacilli;o__Lactobacillales;f__Lactobacillaceae;g__Lactobacillus
d__Bacteria;p__Chloroflexi;c__Anaerolineae;o__Anaerolineales;f__Anaerolineaceae;g__RBG-16-58-14	474	332	364	1551	1269	1048	263	172	d__Bacteria;p__Chloroflexi;c__Anaerolineae;o__Anaerolineales;f__Anaerolineaceae;g__RBG-16-58-14
d__Bacteria;p__Chloroflexi;c__Anaerolineae;o__Anaerolineales;f__Anaerolineaceae;__	491	477	439	1605	1629	1292	305	204	d__Bacteria;p__Chloroflexi;c__Anaerolineae;o__Anaerolineales;f__Anaerolineaceae;__
d__Bacteria;p__Cyanobacteria;c__Cyanobacteriia;o__Chloroplast;f__Chloroplast;g__Chloroplast	218	481	86	265	72	68	53	241	d__Bacteria;p__Cyanobacteria;c__Cyanobacteriia;o__Chloroplast;f__Chloroplast;g__Chloroplast
d__Bacteria;p__Firmicutes;c__Bacilli;o__Erysipelotrichales;f__Erysipelotrichaceae;g__Dubosiella	0	158	60	41	47	68	83	132	d__Bacteria;p__Firmicutes;c__Bacilli;o__Erysipelotrichales;f__Erysipelotrichaceae;g__Dubosiella
d__Bacteria;p__Firmicutes;c__Bacilli;o__Erysipelotrichales;f__Erysipelotrichaceae;g__Faecalibaculum	60	340	132	55	141	141	115	216	d__Bacteria;p__Firmicutes;c__Bacilli;o__Erysipelotrichales;f__Erysipelotrichaceae;g__Faecalibaculum
d__Bacteria;p__Chloroflexi;c__Dehalococcoidia;o__FW22;f__FW22;g__FW22	453	343	548	93	60	82	151	85	d__Bacteria;p__Chloroflexi;c__Dehalococcoidia;o__FW22;f__FW22;g__FW22
d__Bacteria;p__Chloroflexi;c__Anaerolineae;o__RBG-13-54-9;f__RBG-13-54-9;g__RBG-13-54-9	488	493	582	1449	1518	2301	345	143	d__Bacteria;p__Chloroflexi;c__Anaerolineae;o__RBG-13-54-9;f__RBG-13-54-9;g__RBG-13-54-9
d__Bacteria;p__Chloroflexi;c__Dehalococcoidia;o__MSBL5;f__MSBL5;g__MSBL5	615	544	704	1297	1089	271	243	145	d__Bacteria;p__Chloroflexi;c__Dehalococcoidia;o__MSBL5;f__MSBL5;g__MSBL5
d__Bacteria;p__Firmicutes;c__Clostridia;o__Peptostreptococcales-Tissierellales;f__Peptostreptococcaceae;g__Romboutsia	25	120	51	99	103	40	57	37	d__Bacteria;p__Firmicutes;c__Clostridia;o__Peptostreptococcales-Tissierellales;f__Peptostreptococcaceae;g__Romboutsia
d__Bacteria;p__Firmicutes;c__Clostridia;o__Oscillospirales;f__Ruminococcaceae;g__Faecalibacterium	312	462	1511	470	557	1450	2190	325	d__Bacteria;p__Firmicutes;c__Clostridia;o__Oscillospirales;f__Ruminococcaceae;g__Faecalibacterium
d__Bacteria;p__Firmicutes;c__Clostridia;o__Lachnospirales;f__Lachnospiraceae;g__Lachnospiraceae_NK4A136_group	189	266	685	214	262	658	491	167	d__Bacteria;p__Firmicutes;c__Clostridia;o__Lachnospirales;f__Lachnospiraceae;g__Lachnospiraceae_NK4A136_group
d__Bacteria;p__Firmicutes;c__Clostridia;o__Lachnospirales;f__Lachnospiraceae;g__Blautia	30	266	419	153	184	363	360	199	d__Bacteria;p__Firmicutes;c__Clostridia;o__Lachnospirales;f__Lachnospiraceae;g__Blautia
d__Bacteria;p__Firmicutes;c__Bacilli;o__Erysipelotrichales;f__Erysipelotrichaceae;g__Turicibacter	23	94	59	82	130	157	84	84	d__Bacteria;p__Firmicutes;c__Bacilli;o__Erysipelotrichales;f__Erysipelotrichaceae;g__Turicibacter
d__Bacteria;p__Firmicutes;c__Bacilli;o__Bacillales;f__Bacillaceae;g__Bacillus	852	945	815	1537	1704	1262	396	393	d__Bacteria;p__Firmicutes;c__Bacilli;o__Bacillales;f__Bacillaceae;g__Bacillus
d__Bacteria;p__Firmicutes;c__Bacilli;o__Staphylococcales;f__Staphylococcaceae;g__Staphylococcus	44	259	287	239	435	202	325	228	d__Bacteria;p__Firmicutes;c__Bacilli;o__Staphylococcales;f__Staphylococcaceae;g__Staphylococcus
d__Bacteria;p__Firmicutes;c__Clostridia;o__Clostridia_UCG-014;f__Clostridia_UCG-014;g__Clostridia_UCG-014	65	110	231	116	145	274	193	80	d__Bacteria;p__Firmicutes;c__Clostridia;o__Clostridia_UCG-014;f__Clostridia_UCG-014;g__Clostridia_UCG-014
d__Bacteria;p__Bacteroidota;c__Bacteroidia;o__Bacteroidales;f__Muribaculaceae;g__Muribaculaceae	36	1062	513	335	331	716	592	795	d__Bacteria;p__Bacteroidota;c__Bacteroidia;o__Bacteroidales;f__Muribaculaceae;g__Muribaculaceae
d__Archaea;p__Crenarchaeota;c__Bathyarchaeia;o__Bathyarchaeia;f__Bathyarchaeia;g__Bathyarchaeia	5770	2697	3315	4039	4192	3048	317	371	d__Archaea;p__Crenarchaeota;c__Bathyarchaeia;o__Bathyarchaeia;f__Bathyarchaeia;g__Bathyarchaeia
d__Bacteria;p__Chloroflexi;c__Anaerolineae;o__Anaerolineales;f__Anaerolineaceae;g__Leptolinea	241	175	180	668	742	748	158	48	d__Bacteria;p__Chloroflexi;c__Anaerolineae;o__Anaerolineales;f__Anaerolineaceae;g__Leptolinea
d__Bacteria;p__Chloroflexi;c__Dehalococcoidia;o__GIF3;f__GIF3;g__GIF3	6823	3082	5385	552	450	322	1001	530	d__Bacteria;p__Chloroflexi;c__Dehalococcoidia;o__GIF3;f__GIF3;g__GIF3
d__Bacteria;p__Firmicutes;c__Clostridia;o__Lachnospirales;f__Lachnospiraceae;g__Roseburia	41	84	226	83	89	218	153	54	d__Bacteria;p__Firmicutes;c__Clostridia;o__Lachnospirales;f__Lachnospiraceae;g__Roseburia
d__Bacteria;p__Bacteroidota;c__Bacteroidia;o__Bacteroidales;f__SB-5;g__SB-5	391	307	569	275	253	238	189	171	d__Bacteria;p__Bacteroidota;c__Bacteroidia;o__Bacteroidales;f__SB-5;g__SB-5
d__Bacteria;p__Planctomycetota;c__Phycisphaerae;o__MSBL9;f__SG8-4;g__SG8-4	1012	676	1676	803	648	395	248	88	d__Bacteria;p__Planctomycetota;c__Phycisphaerae;o__MSBL9;f__SG8-4;g__SG8-4
d__Bacteria;p__Bacteroidota;c__Bacteroidia;o__Bacteroidales;f__Bacteroidetes_vadinHA17;g__Bacteroidetes_vadinHA17	1237	1762	2303	7157	6845	5334	917	544	d__Bacteria;p__Bacteroidota;c__Bacteroidia;o__Bacteroidales;f__Bacteroidetes_vadinHA17;g__Bacteroidetes_vadinHA17
d__Bacteria;p__Chloroflexi;c__Dehalococcoidia;o__661239;f__661239;g__661239	439	290	498	31	55	27	91	34	d__Bacteria;p__Chloroflexi;c__Dehalococcoidia;o__661239;f__661239;g__661239
d__Bacteria;p__Chloroflexi;c__Dehalococcoidia;o__vadinBA26;f__vadinBA26;g__vadinBA26	350	124	292	108	73	29	50	69	d__Bacteria;p__Chloroflexi;c__Dehalococcoidia;o__vadinBA26;f__vadinBA26;g__vadinBA26
d__Bacteria;p__Chloroflexi;c__Anaerolineae;o__Anaerolineales;f__Anaerolineaceae;g__Anaerolinea	151	163	170	417	483	671	102	58	d__Bacteria;p__Chloroflexi;c__Anaerolineae;o__Anaerolineales;f__Anaerolineaceae;g__Anaerolinea
d__Bacteria;p__Firmicutes;c__Clostridia;o__Lachnospirales;f__Lachnospiraceae;g__Lachnospiraceae_UCG-001	44	51	202	54	57	164	130	33	d__Bacteria;p__Firmicutes;c__Clostridia;o__Lachnospirales;f__Lachnospiraceae;g__Lachnospiraceae_UCG-001
d__Bacteria;p__Firmicutes;c__Clostridia;o__Lachnospirales;f__Lachnospiraceae;g__Agathobacter	61	124	318	97	132	246	256	72	d__Bacteria;p__Firmicutes;c__Clostridia;o__Lachnospirales;f__Lachnospiraceae;g__Agathobacter
d__Bacteria;p__Firmicutes;c__Clostridia;o__Lachnospirales;f__Lachnospiraceae;g__[Ruminococcus]_torques_group	16	37	78	16	68	63	76	29	d__Bacteria;p__Firmicutes;c__Clostridia;o__Lachnospirales;f__Lachnospiraceae;g__[Ruminococcus]_torques_group
d__Bacteria;p__Firmicutes;c__Clostridia;o__Lachnospirales;f__Lachnospiraceae;g__Fusicatenibacter	28	44	110	51	46	101	74	40	d__Bacteria;p__Firmicutes;c__Clostridia;o__Lachnospirales;f__Lachnospiraceae;g__Fusicatenibacter
d__Bacteria;p__Firmicutes;c__Clostridia;o__Lachnospirales;f__Lachnospiraceae;g__Butyrivibrio	102	102	450	127	140	351	350	41	d__Bacteria;p__Firmicutes;c__Clostridia;o__Lachnospirales;f__Lachnospiraceae;g__Butyrivibrio
d__Bacteria;p__Firmicutes;c__Clostridia;o__Oscillospirales;f__Ruminococcaceae;g__Ruminococcus	22	35	91	43	53	89	63	25	d__Bacteria;p__Firmicutes;c__Clostridia;o__Oscillospirales;f__Ruminococcaceae;g__Ruminococcus
d__Bacteria;p__Firmicutes;c__Clostridia;o__Lachnospirales;f__Lachnospiraceae;g__Lachnospira	68	79	257	57	79	204	206	42	d__Bacteria;p__Firmicutes;c__Clostridia;o__Lachnospirales;f__Lachnospiraceae;g__Lachnospira
d__Bacteria;p__Firmicutes;c__Bacilli;o__Lactobacillales;f__Streptococcaceae;g__Streptococcus	14	439	171	164	190	185	151	452	d__Bacteria;p__Firmicutes;c__Bacilli;o__Lactobacillales;f__Streptococcaceae;g__Streptococcus
d__Bacteria;p__Bacteroidota;c__Bacteroidia;o__Bacteroidales;f__Bacteroidaceae;g__Bacteroides	315	869	5260	847	924	4822	7041	530	d__Bacteria;p__Bacteroidota;c__Bacteroidia;o__Bacteroidales;f__Bacteroidaceae;g__Bacteroides
d__Bacteria;p__Firmicutes;c__Clostridia;o__Oscillospirales;f__Oscillospiraceae;g__uncultured	0	51	40	12	35	44	43	41	d__Bacteria;p__Firmicutes;c__Clostridia;o__Oscillospirales;f__Oscillospiraceae;g__uncultured
d__Bacteria;p__Bacteroidota;c__Bacteroidia;o__Bacteroidales;f__Rikenellaceae;g__Alistipes	22	170	269	102	168	226	198	83	d__Bacteria;p__Bacteroidota;c__Bacteroidia;o__Bacteroidales;f__Rikenellaceae;g__Alistipes
d__Bacteria;p__Bacteroidota;c__Bacteroidia;o__Bacteroidales;f__Tannerellaceae;g__Parabacteroides	25	79	197	30	44	172	118	35	d__Bacteria;p__Bacteroidota;c__Bacteroidia;o__Bacteroidales;f__Tannerellaceae;g__Parabacteroides
d__Bacteria;p__SAR324_clade(Marine_group_B);c__SAR324_clade(Marine_group_B);o__SAR324_clade(Marine_group_B);f__SAR324_clade(Marine_group_B);g__SAR324_clade(Marine_group_B)	377	409	328	932	982	870	167	178	d__Bacteria;p__SAR324_clade(Marine_group_B);c__SAR324_clade(Marine_group_B);o__SAR324_clade(Marine_group_B);f__SAR324_clade(Marine_group_B);g__SAR324_clade(Marine_group_B)
d__Bacteria;p__Desulfobacterota;c__Desulfobaccia;o__Desulfobaccales;f__Desulfobaccaceae;g__Desulfobacca	92	64	100	84	63	91	35	42	d__Bacteria;p__Desulfobacterota;c__Desulfobaccia;o__Desulfobaccales;f__Desulfobaccaceae;g__Desulfobacca
d__Bacteria;p__Proteobacteria;c__Alphaproteobacteria;o__Sphingomonadales;f__Sphingomonadaceae;g__Sphingomonas	6	68	42	89	183	64	50	47	d__Bacteria;p__Proteobacteria;c__Alphaproteobacteria;o__Sphingomonadales;f__Sphingomonadaceae;g__Sphingomonas
d__Bacteria;p__Desulfobacterota;c__Syntrophobacteria;o__Syntrophobacterales;f__Syntrophobacteraceae;g__Syntrophobacter	189	127	150	392	395	309	63	38	d__Bacteria;p__Desulfobacterota;c__Syntrophobacteria;o__Syntrophobacterales;f__Syntrophobacteraceae;g__Syntrophobacter
d__Bacteria;p__Desulfobacterota;c__uncultured;o__uncultured;f__uncultured;g__uncultured	2006	1364	1811	4687	5297	4443	983	636	d__Bacteria;p__Desulfobacterota;c__uncultured;o__uncultured;f__uncultured;g__uncultured
d__Bacteria;p__Sva0485;c__Sva0485;o__Sva0485;f__Sva0485;g__Sva0485	4723	3811	4479	10420	11597	10485	2344	1655	d__Bacteria;p__Sva0485;c__Sva0485;o__Sva0485;f__Sva0485;g__Sva0485
d__Bacteria;p__Desulfobacterota;c__Desulfobacteria;o__Desulfatiglandales;f__Desulfatiglandaceae;g__Desulfatiglans	4353	3143	4520	785	762	606	935	739	d__Bacteria;p__Desulfobacterota;c__Desulfobacteria;o__Desulfatiglandales;f__Desulfatiglandaceae;g__Desulfatiglans
d__Bacteria;p__Desulfobacterota;c__Syntrophobacteria;o__Syntrophobacterales;f__uncultured;g__uncultured	1442	1524	1451	251	193	154	329	335	d__Bacteria;p__Desulfobacterota;c__Syntrophobacteria;o__Syntrophobacterales;f__uncultured;g__uncultured
d__Bacteria;p__MBNT15;c__MBNT15;o__MBNT15;f__MBNT15;g__MBNT15	281	229	128	63	55	82	30	46	d__Bacteria;p__MBNT15;c__MBNT15;o__MBNT15;f__MBNT15;g__MBNT15
d__Bacteria;p__Proteobacteria;c__Alphaproteobacteria;o__Rhizobiales;f__Xanthobacteraceae;__	141	190	156	248	370	417	50	72	d__Bacteria;p__Proteobacteria;c__Alphaproteobacteria;o__Rhizobiales;f__Xanthobacteraceae;__
d__Bacteria;p__Myxococcota;c__bacteriap25;o__bacteriap25;f__bacteriap25;g__bacteriap25	92	85	61	159	142	107	44	27	d__Bacteria;p__Myxococcota;c__bacteriap25;o__bacteriap25;f__bacteriap25;g__bacteriap25
d__Bacteria;p__Proteobacteria;c__Alphaproteobacteria;o__Caulobacterales;f__Caulobacteraceae;g__Brevundimonas	14	182	72	52	49	66	68	118	d__Bacteria;p__Proteobacteria;c__Alphaproteobacteria;o__Caulobacterales;f__Caulobacteraceae;g__Brevundimonas
d__Bacteria;p__Proteobacteria;c__Alphaproteobacteria;o__Caulobacterales;f__Caulobacteraceae;g__uncultured	81	102	94	271	364	476	65	53	d__Bacteria;p__Proteobacteria;c__Alphaproteobacteria;o__Caulobacterales;f__Caulobacteraceae;g__uncultured
d__Bacteria;p__Acidobacteriota;c__Acidobacteriae;o__Subgroup_2;f__Subgroup_2;g__Subgroup_2	243	284	337	1080	1137	2430	127	74	d__Bacteria;p__Acidobacteriota;c__Acidobacteriae;o__Subgroup_2;f__Subgroup_2;g__Subgroup_2
d__Bacteria;p__Armatimonadota;c__uncultured;o__uncultured;f__uncultured;g__uncultured	53	93	184	242	468	193	89	29	d__Bacteria;p__Armatimonadota;c__uncultured;o__uncultured;f__uncultured;g__uncultured
d__Bacteria;p__Actinobacteriota;c__Thermoleophilia;o__Gaiellales;f__uncultured;g__uncultured	253	202	360	163	137	175	135	56	d__Bacteria;p__Actinobacteriota;c__Thermoleophilia;o__Gaiellales;f__uncultured;g__uncultured
d__Bacteria;p__LCP-89;c__LCP-89;o__LCP-89;f__LCP-89;g__LCP-89	627	440	768	361	246	142	236	73	d__Bacteria;p__LCP-89;c__LCP-89;o__LCP-89;f__LCP-89;g__LCP-89
d__Bacteria;p__Bacteroidota;c__SJA-28;o__SJA-28;f__SJA-28;g__SJA-28	227	210	227	1056	913	1200	176	149	d__Bacteria;p__Bacteroidota;c__SJA-28;o__SJA-28;f__SJA-28;g__SJA-28
d__Bacteria;p__GN01;c__GN01;o__GN01;f__GN01;g__GN01	49	54	62	122	169	128	43	27	d__Bacteria;p__GN01;c__GN01;o__GN01;f__GN01;g__GN01
d__Bacteria;p__Actinobacteriota;c__Actinobacteria;o__Corynebacteriales;f__Corynebacteriaceae;g__Corynebacterium	18	106	76	2695	2760	2619	1617	1256	d__Bacteria;p__Actinobacteriota;c__Actinobacteria;o__Corynebacteriales;f__Corynebacteriaceae;g__Corynebacterium
d__Bacteria;p__Firmicutes;c__Clostridia;o__Clostridiales;f__Caloramatoraceae;g__Fonticella	53	46	56	315	483	204	115	95	d__Bacteria;p__Firmicutes;c__Clostridia;o__Clostridiales;f__Caloramatoraceae;g__Fonticella
d__Bacteria;p__Firmicutes;c__Clostridia;o__Clostridiales;f__Clostridiaceae;g__Clostridium_sensu_stricto_12	41	52	74	300	309	162	45	44	d__Bacteria;p__Firmicutes;c__Clostridia;o__Clostridiales;f__Clostridiaceae;g__Clostridium_sensu_stricto_12
d__Bacteria;p__Proteobacteria;c__Alphaproteobacteria;o__uncultured;f__uncultured;g__uncultured	86	61	63	206	241	379	72	38	d__Bacteria;p__Proteobacteria;c__Alphaproteobacteria;o__uncultured;f__uncultured;g__uncultured
d__Bacteria;p__Firmicutes;c__Clostridia;o__Oscillospirales;f__Ruminococcaceae;g__Subdoligranulum	36	48	232	85	94	212	299	66	d__Bacteria;p__Firmicutes;c__Clostridia;o__Oscillospirales;f__Ruminococcaceae;g__Subdoligranulum
d__Bacteria;p__Firmicutes;c__Negativicutes;o__Acidaminococcales;f__Acidaminococcaceae;g__Phascolarctobacterium	34	59	242	57	54	145	246	29	d__Bacteria;p__Firmicutes;c__Negativicutes;o__Acidaminococcales;f__Acidaminococcaceae;g__Phascolarctobacterium
d__Bacteria;p__Firmicutes;c__Bacilli;o__Bacillales;__;__	159	127	210	525	579	289	202	92	d__Bacteria;p__Firmicutes;c__Bacilli;o__Bacillales;__;__
d__Bacteria;p__Firmicutes;c__Bacilli;o__Bacillales;f__Planococcaceae;g__Lysinibacillus	77	96	61	261	234	195	38	35	d__Bacteria;p__Firmicutes;c__Bacilli;o__Bacillales;f__Planococcaceae;g__Lysinibacillus
d__Bacteria;p__Firmicutes;c__Negativicutes;o__Veillonellales-Selenomonadales;f__Selenomonadaceae;g__Megamonas	47	75	253	68	104	241	259	52	d__Bacteria;p__Firmicutes;c__Negativicutes;o__Veillonellales-Selenomonadales;f__Selenomonadaceae;g__Megamonas
d__Bacteria;p__Bacteroidota;c__Ignavibacteria;o__Ignavibacteriales;f__Ignavibacteriaceae;g__Ignavibacterium	200	417	192	577	542	1038	192	253	d__Bacteria;p__Bacteroidota;c__Ignavibacteria;o__Ignavibacteriales;f__Ignavibacteriaceae;g__Ignavibacterium
d__Bacteria;p__Fibrobacterota;c__Chitinivibrionia;o__uncultured;f__uncultured;g__uncultured	50	70	108	163	207	79	32	30	d__Bacteria;p__Fibrobacterota;c__Chitinivibrionia;o__uncultured;f__uncultured;g__uncultured
d__Bacteria;p__Chloroflexi;c__KD4-96;o__KD4-96;f__KD4-96;g__KD4-96	126	117	112	305	300	381	49	33	d__Bacteria;p__Chloroflexi;c__KD4-96;o__KD4-96;f__KD4-96;g__KD4-96
d__Bacteria;p__Firmicutes;c__Clostridia;o__Oscillospirales;f__Oscillospiraceae;g__UCG-002	70	77	208	75	76	216	139	35	d__Bacteria;p__Firmicutes;c__Clostridia;o__Oscillospirales;f__Oscillospiraceae;g__UCG-002
d__Bacteria;p__Firmicutes;c__Clostridia;o__Oscillospirales;f__Ruminococcaceae;g__CAG-352	22	43	130	51	62	91	111	35	d__Bacteria;p__Firmicutes;c__Clostridia;o__Oscillospirales;f__Ruminococcaceae;g__CAG-352
d__Bacteria;p__Spirochaetota;c__Spirochaetia;o__Spirochaetales;f__Spirochaetaceae;g__Spirochaeta	1365	1158	1147	2128	2271	1438	474	396	d__Bacteria;p__Spirochaetota;c__Spirochaetia;o__Spirochaetales;f__Spirochaetaceae;g__Spirochaeta
d__Bacteria;p__Firmicutes;c__Bacilli;o__Lactobacillales;f__Enterococcaceae;g__Enterococcus	17	172	104	80	103	118	119	131	d__Bacteria;p__Firmicutes;c__Bacilli;o__Lactobacillales;f__Enterococcaceae;g__Enterococcus
d__Bacteria;p__Actinobacteriota;c__Actinobacteria;o__Propionibacteriales;f__Propionibacteriaceae;g__Cutibacterium	0	63	151	85	123	77	184	65	d__Bacteria;p__Actinobacteriota;c__Actinobacteria;o__Propionibacteriales;f__Propionibacteriaceae;g__Cutibacterium
d__Bacteria;p__Nitrospirota;c__Thermodesulfovibrionia;o__uncultured;f__uncultured;g__uncultured	1533	859	1110	883	641	839	265	169	d__Bacteria;p__Nitrospirota;c__Thermodesulfovibrionia;o__uncultured;f__uncultured;g__uncultured
d__Bacteria;p__Desulfobacterota;c__Syntrophia;o__Syntrophales;f__Syntrophaceae;g__Syntrophus	172	167	146	869	724	535	121	97	d__Bacteria;p__Desulfobacterota;c__Syntrophia;o__Syntrophales;f__Syntrophaceae;g__Syntrophus
d__Bacteria;p__Desulfobacterota;c__Syntrophia;o__Syntrophales;f__uncultured;g__uncultured	78	53	89	527	464	409	30	28	d__Bacteria;p__Desulfobacterota;c__Syntrophia;o__Syntrophales;f__uncultured;g__uncultured
d__Bacteria;p__Desulfobacterota;c__Syntrophia;o__Syntrophales;__;__	982	828	840	3011	3105	2555	617	418	d__Bacteria;p__Desulfobacterota;c__Syntrophia;o__Syntrophales;__;__
d__Bacteria;p__Desulfobacterota;c__Syntrophia;o__Syntrophales;f__Smithellaceae;g__Smithella	115	67	137	717	766	477	132	61	d__Bacteria;p__Desulfobacterota;c__Syntrophia;o__Syntrophales;f__Smithellaceae;g__Smithella
d__Bacteria;p__Methylomirabilota;c__Methylomirabilia;o__Methylomirabilales;f__Methylomirabilaceae;g__Z114MB74	41	41	44	74	78	111	26	28	d__Bacteria;p__Methylomirabilota;c__Methylomirabilia;o__Methylomirabilales;f__Methylomirabilaceae;g__Z114MB74
d__Bacteria;p__Desulfobacterota;c__Desulfobacteria;o__Desulfobacterales;f__uncultured;g__uncultured	55	59	87	145	169	138	46	28	d__Bacteria;p__Desulfobacterota;c__Desulfobacteria;o__Desulfobacterales;f__uncultured;g__uncultured
d__Bacteria;p__Acidobacteriota;c__Acidobacteriae;o__Bryobacterales;f__Bryobacteraceae;g__Bryobacter	217	202	246	977	925	1015	163	78	d__Bacteria;p__Acidobacteriota;c__Acidobacteriae;o__Bryobacterales;f__Bryobacteraceae;g__Bryobacter
d__Bacteria;p__Proteobacteria;c__Alphaproteobacteria;o__Rhizobiales;f__Rhizobiaceae;g__Allorhizobium-Neorhizobium-Pararhizobium-Rhizobium	0	27	41	32	45	32	33	25	d__Bacteria;p__Proteobacteria;c__Alphaproteobacteria;o__Rhizobiales;f__Rhizobiaceae;g__Allorhizobium-Neorhizobium-Pararhizobium-Rhizobium
d__Bacteria;p__Proteobacteria;c__Alphaproteobacteria;o__Micropepsales;f__Micropepsaceae;g__uncultured	12	43	31	236	246	287	35	47	d__Bacteria;p__Proteobacteria;c__Alphaproteobacteria;o__Micropepsales;f__Micropepsaceae;g__uncultured
d__Bacteria;p__NKB15;c__NKB15;o__NKB15;f__NKB15;g__NKB15	148	207	160	307	353	273	26	56	d__Bacteria;p__NKB15;c__NKB15;o__NKB15;f__NKB15;g__NKB15
d__Bacteria;p__Acidobacteriota;c__Vicinamibacteria;o__Vicinamibacterales;f__uncultured;g__uncultured	37	71	63	192	181	155	68	26	d__Bacteria;p__Acidobacteriota;c__Vicinamibacteria;o__Vicinamibacterales;f__uncultured;g__uncultured
d__Bacteria;p__Acidobacteriota;c__Vicinamibacteria;o__Subgroup_17;f__Subgroup_17;g__Subgroup_17	22	50	223	107	106	188	229	42	d__Bacteria;p__Acidobacteriota;c__Vicinamibacteria;o__Subgroup_17;f__Subgroup_17;g__Subgroup_17
d__Bacteria;p__Proteobacteria;c__Alphaproteobacteria;o__Elsterales;f__uncultured;g__uncultured	40	51	105	213	240	398	54	68	d__Bacteria;p__Proteobacteria;c__Alphaproteobacteria;o__Elsterales;f__uncultured;g__uncultured
d__Bacteria;p__Acidobacteriota;c__Subgroup_18;o__Subgroup_18;f__Subgroup_18;g__Subgroup_18	1698	1531	2336	3859	4178	5206	853	463	d__Bacteria;p__Acidobacteriota;c__Subgroup_18;o__Subgroup_18;f__Subgroup_18;g__Subgroup_18
d__Bacteria;p__Desulfobacterota;c__Syntrophorhabdia;o__Syntrophorhabdales;f__Syntrophorhabdaceae;g__Syntrophorhabdus	454	495	564	1898	1725	1571	296	186	d__Bacteria;p__Desulfobacterota;c__Syntrophorhabdia;o__Syntrophorhabdales;f__Syntrophorhabdaceae;g__Syntrophorhabdus
d__Bacteria;p__Desulfobacterota;c__Desulfuromonadia;o__Geobacterales;f__Geobacteraceae;__	483	480	414	1125	1106	1513	261	232	d__Bacteria;p__Desulfobacterota;c__Desulfuromonadia;o__Geobacterales;f__Geobacteraceae;__
d__Bacteria;p__Acidobacteriota;c__Acidobacteriae;o__Solibacterales;f__Solibacteraceae;g__Candidatus_Solibacter	174	166	240	631	652	647	101	37	d__Bacteria;p__Acidobacteriota;c__Acidobacteriae;o__Solibacterales;f__Solibacteraceae;g__Candidatus_Solibacter
d__Archaea;p__Asgardarchaeota;c__Lokiarchaeia;o__Lokiarchaeia;f__Lokiarchaeia;g__Lokiarchaeia	855	597	1439	427	362	93	76	83	d__Archaea;p__Asgardarchaeota;c__Lokiarchaeia;o__Lokiarchaeia;f__Lokiarchaeia;g__Lokiarchaeia
d__Bacteria;p__Verrucomicrobiota;c__Verrucomicrobiae;o__Pedosphaerales;f__Pedosphaeraceae;g__Pedosphaeraceae	182	202	170	483	643	423	132	61	d__Bacteria;p__Verrucomicrobiota;c__Verrucomicrobiae;o__Pedosphaerales;f__Pedosphaeraceae;g__Pedosphaeraceae
d__Bacteria;p__Verrucomicrobiota;c__Verrucomicrobiae;o__Pedosphaerales;f__Pedosphaeraceae;__	247	193	227	862	953	979	169	138	d__Bacteria;p__Verrucomicrobiota;c__Verrucomicrobiae;o__Pedosphaerales;f__Pedosphaeraceae;__
d__Bacteria;p__Verrucomicrobiota;c__Verrucomicrobiae;o__Pedosphaerales;f__Pedosphaeraceae;g__ADurb.Bin063-1	365	377	382	2060	2052	2115	154	106	d__Bacteria;p__Verrucomicrobiota;c__Verrucomicrobiae;o__Pedosphaerales;f__Pedosphaeraceae;g__ADurb.Bin063-1
d__Bacteria;p__Nitrospirota;c__4-29-1;o__4-29-1;f__4-29-1;g__4-29-1	528	493	500	2496	1716	2240	330	255	d__Bacteria;p__Nitrospirota;c__4-29-1;o__4-29-1;f__4-29-1;g__4-29-1
d__Archaea;p__Thermoplasmatota;c__Thermoplasmata;o__Marine_Benthic_Group_D_and_DHVEG-1;f__Marine_Benthic_Group_D_and_DHVEG-1;g__Marine_Benthic_Group_D_and_DHVEG-1	1251	1183	1871	2323	1098	353	312	162	d__Archaea;p__Thermoplasmatota;c__Thermoplasmata;o__Marine_Benthic_Group_D_and_DHVEG-1;f__Marine_Benthic_Group_D_and_DHVEG-1;g__Marine_Benthic_Group_D_and_DHVEG-1
d__Archaea;p__Aenigmarchaeota;c__Deep_Sea_Euryarchaeotic_Group(DSEG);o__Deep_Sea_Euryarchaeotic_Group(DSEG);f__Deep_Sea_Euryarchaeotic_Group(DSEG);g__Deep_Sea_Euryarchaeotic_Group(DSEG)	130	77	121	410	205	117	33	28	d__Archaea;p__Aenigmarchaeota;c__Deep_Sea_Euryarchaeotic_Group(DSEG);o__Deep_Sea_Euryarchaeotic_Group(DSEG);f__Deep_Sea_Euryarchaeotic_Group(DSEG);g__Deep_Sea_Euryarchaeotic_Group(DSEG)
d__Archaea;p__Crenarchaeota;c__Nitrososphaeria;o__Nitrosotaleales;f__Nitrosotaleaceae;g__Candidatus_Nitrosotalea	103	76	77	617	349	135	57	53	d__Archaea;p__Crenarchaeota;c__Nitrososphaeria;o__Nitrosotaleales;f__Nitrosotaleaceae;g__Candidatus_Nitrosotalea
d__Archaea;p__Thermoplasmatota;c__Thermoplasmata;o__uncultured;f__uncultured;g__uncultured	280	339	331	206	91	104	28	27	d__Archaea;p__Thermoplasmatota;c__Thermoplasmata;o__uncultured;f__uncultured;g__uncultured
d__Archaea;p__Thermoplasmatota;c__Thermoplasmata;o__Methanomassiliicoccales;f__uncultured;g__uncultured	370	228	359	1547	1489	372	34	34	d__Archaea;p__Thermoplasmatota;c__Thermoplasmata;o__Methanomassiliicoccales;f__uncultured;g__uncultured
d__Archaea;p__Halobacterota;c__Methanomicrobia;o__Methanomicrobiales;f__Methanoregulaceae;g__Methanoregula	605	275	400	1744	1186	1021	112	94	d__Archaea;p__Halobacterota;c__Methanomicrobia;o__Methanomicrobiales;f__Methanoregulaceae;g__Methanoregula
d__Bacteria;p__Bacteroidota;c__Bacteroidia;o__Bacteroidales;f__Prevotellaceae;g__Prevotella	0	71	129	110	1851	166	247	118	d__Bacteria;p__Bacteroidota;c__Bacteroidia;o__Bacteroidales;f__Prevotellaceae;g__Prevotella
