OTU ID	I1	I2	I3	S1	S2	S3	V1	V2	taxa
Unassigned;__;__;__;__;__	232	591	466	65	269	567	992	2800	Unassigned;__;__;__;__;__
d__Bacteria;p__Acidobacteriota;c__Aminicenantia;o__Aminicenantales;f__Aminicenantales;g__Aminicenantales	740	820	1260	1151	1908	1203	492	278	d__Bacteria;p__Acidobacteriota;c__Aminicenantia;o__Aminicenantales;f__Aminicenantales;g__Aminicenantales
d__Bacteria;p__Chloroflexi;c__Anaerolineae;o__Anaerolineales;f__Anaerolineaceae;g__uncultured	3559	3753	2467	3971	4680	3829	801	963	d__Bacteria;p__Chloroflexi;c__Anaerolineae;o__Anaerolineales;f__Anaerolineaceae;g__uncultured
d__Bacteria;__;__;__;__;__	1098	1088	932	1531	1523	1248	408	326	d__Bacteria;__;__;__;__;__
d__Bacteria;p__Chloroflexi;c__Dehalococcoidia;__;__;__	1005	521	1085	267	402	252	283	114	d__Bacteria;p__Chloroflexi;c__Dehalococcoidia;__;__;__
d__Bacteria;p__Chloroflexi;c__Dehalococcoidia;o__RBG-13-46-9;f__RBG-13-46-9;g__RBG-13-46-9	334	181	241	182	204	156	58	75	d__Bacteria;p__Chloroflexi;c__Dehalococcoidia;o__RBG-13-46-9;f__RBG-13-46-9;g__RBG-13-46-9
d__Bacteria;p__Chloroflexi;c__Dehalococcoidia;o__GIF9;f__GIF9;g__GIF9	273	135	210	196	224	97	59	42	d__Bacteria;p__Chloroflexi;c__Dehalococcoidia;o__GIF9;f__GIF9;g__GIF9
d__Bacteria;p__Dependentiae;c__Babeliae;o__Babeliales;f__Babeliales;g__Babeliales	151	146	315	467	644	382	253	85	d__Bacteria;p__Dependentiae;c__Babeliae;o__Babeliales;f__Babeliales;g__Babeliales
d__Bacteria;p__WOR-1;c__WOR-1;o__WOR-1;f__WOR-1;g__WOR-1	338	326	486	950	1048	1268	268	164	d__Bacteria;p__WOR-1;c__WOR-1;o__WOR-1;f__WOR-1;g__WOR-1
d__Bacteria;p__Planctomycetota;c__Pla3_lineage;o__Pla3_lineage;f__Pla3_lineage;g__Pla3_lineage	172	154	194	242	267	457	33	12	d__Bacteria;p__Planctomycetota;c__Pla3_lineage;o__Pla3_lineage;f__Pla3_lineage;g__Pla3_lineage
d__Bacteria;p__Latescibacterota;c__Latescibacterota;o__Latescibacterota;f__Latescibacterota;g__Latescibacterota	848	561	839	487	604	729	273	132	d__Bacteria;p__Latescibacterota;c__Latescibacterota;o__Latescibacterota;f__Latescibacterota;g__Latescibacterota
d__Bacteria;p__Latescibacterota;c__Latescibacteria;o__Latescibacterales;f__Latescibacteraceae;g__Latescibacteraceae	305	191	354	164	212	58	91	53	d__Bacteria;p__Latescibacterota;c__Latescibacteria;o__Latescibacterales;f__Latescibacteraceae;g__Latescibacteraceae
d__Bacteria;p__Proteobacteria;c__Gammaproteobacteria;o__Burkholderiales;f__Burkholderiaceae;g__Burkholderia-Caballeronia-Paraburkholderia	183	284	180	167	364	407	53	70	d__Bacteria;p__Proteobacteria;c__Gammaproteobacteria;o__Burkholderiales;f__Burkholderiaceae;g__Burkholderia-Caballeronia-Paraburkholderia
d__Bacteria;p__Zixibacteria;c__Zixibacteria;o__Zixibacteria;f__Zixibacteria;g__Zixibacteria	1189	1126	1355	1859	1860	1584	458	354	d__Bacteria;p__Zixibacteria;c__Zixibacteria;o__Zixibacteria;f__Zixibacteria;g__Zixibacteria
d__Bacteria;p__Verrucomicrobiota;c__Omnitrophia;o__Omnitrophales;f__Omnitrophaceae;g__Candidatus_Omnitrophus	549	450	854	1584	2226	1216	361	171	d__Bacteria;p__Verrucomicrobiota;c__Omnitrophia;o__Omnitrophales;f__Omnitrophaceae;g__Candidatus_Omnitrophus
d__Archaea;p__Nanoarchaeota;c__Nanoarchaeia;o__Woesearchaeales;f__Woesearchaeales;g__Woesearchaeales	874	462	905	297	265	72	86	45	d__Archaea;p__Nanoarchaeota;c__Nanoarchaeia;o__Woesearchaeales;f__Woesearchaeales;g__Woesearchaeales
d__Bacteria;p__Spirochaetota;c__Leptospirae;o__Leptospirales;f__Leptospiraceae;g__RBG-16-49-21	428	365	366	1123	1268	1108	242	182	d__Bacteria;p__Spirochaetota;c__Leptospirae;o__Leptospirales;f__Leptospiraceae;g__RBG-16-49-21
d__Bacteria;p__Proteobacteria;c__Gammaproteobacteria;o__Steroidobacterales;f__Steroidobacteraceae;g__uncultured	129	120	103	511	638	812	138	110	d__Bacteria;p__Proteobacteria;c__Gammaproteobacteria;o__Steroidobacterales;f__Steroidobacteraceae;g__uncultured
d__Bacteria;p__Proteobacteria;c__Gammaproteobacteria;o__Enterobacterales;f__Enterobacteriaceae;__	80	694	334	446	2638	550	550	734	d__Bacteria;p__Proteobacteria;c__Gammaproteobacteria;o__Enterobacterales;f__Enterobacteriaceae;__
d__Bacteria;p__Proteobacteria;c__Gammaproteobacteria;o__Enterobacterales;f__Yersiniaceae;g__Serratia	37	589	382	298	353	257	589	709	d__Bacteria;p__Proteobacteria;c__Gammaproteobacteria;o__Enterobacterales;f__Yersiniaceae;g__Serratia
d__Bacteria;p__Proteobacteria;c__Gammaproteobacteria;o__Enterobacterales;f__Enterobacteriaceae;g__Escherichia-Shigella	44	475	182	178	283	205	282	614	d__Bacteria;p__Proteobacteria;c__Gammaproteobacteria;o__Enterobacterales;f__Enterobacteriaceae;g__Escherichia-Shigella
d__Bacteria;p__Proteobacteria;c__Gammaproteobacteria;o__Burkholderiales;f__Comamonadaceae;__	698	811	783	955	2131	2076	188	151	d__Bacteria;p__Proteobacteria;c__Gammaproteobacteria;o__Burkholderiales;f__Comamonadaceae;__
d__Bacteria;p__Proteobacteria;c__Gammaproteobacteria;o__Burkholderiales;f__Comamonadaceae;g__Ramlibacter	138	187	141	145	710	408	0	31	d__Bacteria;p__Proteobacteria;c__Gammaproteobacteria;o__Burkholderiales;f__Comamonadaceae;g__Ramlibacter
d__Bacteria;p__Proteobacteria;c__Gammaproteobacteria;o__Burkholderiales;f__Chromobacteriaceae;g__Aquitalea	225	255	222	640	1902	891	123	110	d__Bacteria;p__Proteobacteria;c__Gammaproteobacteria;o__Burkholderiales;f__Chromobacteriaceae;g__Aquitalea
d__Bacteria;p__Proteobacteria;c__Gammaproteobacteria;o__Burkholderiales;f__Alcaligenaceae;g__Alcaligenes	25	538	190	198	208	190	220	481	d__Bacteria;p__Proteobacteria;c__Gammaproteobacteria;o__Burkholderiales;f__Alcaligenaceae;g__Alcaligenes
d__Bacteria;p__Proteobacteria;c__Alphaproteobacteria;o__Rhizobiales;f__Beijerinckiaceae;g__Methylobacterium-Methylorubrum	28	316	1827	815	935	834	4660	661	d__Bacteria;p__Proteobacteria;c__Alphaproteobacteria;o__Rhizobiales;f__Beijerinckiaceae;g__Methylobacterium-Methylorubrum
d__Bacteria;p__Bacteroidota;c__Kryptonia;o__Kryptoniales;f__BSV26;g__BSV26	2112	2237	2750	10892	9016	8289	1359	828	d__Bacteria;p__Bacteroidota;c__Kryptonia;o__Kryptoniales;f__BSV26;g__BSV26
d__Bacteria;p__Firmicutes;c__Bacilli;o__Lactobacillales;f__Lactobacillaceae;g__Lactobacillus	197	2216	718	514	783	902	754	1208	d__Bacteria;p__Firmicutes;c__Bacilli;o__Lactobacillales;f__Lactobacillaceae;g__Lactobacillus
d__Bacteria;p__Chloroflexi;c__Anaerolineae;o__Anaerolineales;f__Anaerolineaceae;g__RBG-16-58-14	474	332	364	1551	1269	1048	263	172	d__Bacteria;p__Chloroflexi;c__Anaerolineae;o__Anaerolineales;f__Anaerolineaceae;g__RBG-16-58-14
d__Bacteria;p__Chloroflexi;c__Anaerolineae;o__Anaerolineales;f__Anaerolineaceae;__	491	477	439	1605	1629	1292	305	204	d__Bacteria;p__Chloroflexi;c__Anaerolineae;o__Anaerolineales;f__Anaerolineaceae;__
d__Bacteria;p__Chloroflexi;c__Anaerolineae;o__RBG-13-54-9;f__RBG-13-54-9;g__RBG-13-54-9	488	493	582	1449	1518	2301	345	143	d__Bacteria;p__Chloroflexi;c__Anaerolineae;o__RBG-13-54-9;f__RBG-13-54-9;g__RBG-13-54-9
d__Bacteria;p__Chloroflexi;c__Dehalococcoidia;o__MSBL5;f__MSBL5;g__MSBL5	615	544	704	1297	1089	271	243	145	d__Bacteria;p__Chloroflexi;c__Dehalococcoidia;o__MSBL5;f__MSBL5;g__MSBL5
d__Bacteria;p__Firmicutes;c__Clostridia;o__Oscillospirales;f__Ruminococcaceae;g__Faecalibacterium	312	462	1511	470	557	1450	2190	325	d__Bacteria;p__Firmicutes;c__Clostridia;o__Oscillospirales;f__Ruminococcaceae;g__Faecalibacterium
d__Bacteria;p__Firmicutes;c__Clostridia;o__Lachnospirales;f__Lachnospiraceae;g__Lachnospiraceae_NK4A136_group	189	266	685	214	262	658	491	167	d__Bacteria;p__Firmicutes;c__Clostridia;o__Lachnospirales;f__Lachnospiraceae;g__Lachnospiraceae_NK4A136_group
d__Bacteria;p__Firmicutes;c__Clostridia;o__Lachnospirales;f__Lachnospiraceae;g__Blautia	30	266	419	153	184	363	360	199	d__Bacteria;p__Firmicutes;c__Clostridia;o__Lachnospirales;f__Lachnospiraceae;g__Blautia
d__Bacteria;p__Firmicutes;c__Bacilli;o__Bacillales;f__Bacillaceae;g__Bacillus	852	945	815	1537	1704	1262	396	393	d__Bacteria;p__Firmicutes;c__Bacilli;o__Bacillales;f__Bacillaceae;g__Bacillus
d__Bacteria;p__Firmicutes;c__Bacilli;o__Staphylococcales;f__Staphylococcaceae;g__Staphylococcus	44	259	287	239	435	202	325	228	d__Bacteria;p__Firmicutes;c__Bacilli;o__Staphylococcales;f__Staphylococcaceae;g__Staphylococcus
d__Bacteria;p__Bacteroidota;c__Bacteroidia;o__Bacteroidales;f__Muribaculaceae;g__Muribaculaceae	36	1062	513	335	331	716	592	795	d__Bacteria;p__Bacteroidota;c__Bacteroidia;o__Bacteroidales;f__Muribaculaceae;g__Muribaculaceae
d__Archaea;p__Crenarchaeota;c__Bathyarchaeia;o__Bathyarchaeia;f__Bathyarchaeia;g__Bathyarchaeia	5770	2697	3315	4039	4192	3048	317	371	d__Archaea;p__Crenarchaeota;c__Bathyarchaeia;o__Bathyarchaeia;f__Bathyarchaeia;g__Bathyarchaeia
d__Bacteria;p__Chloroflexi;c__Anaerolineae;o__Anaerolineales;f__Anaerolineaceae;g__Leptolinea	241	175	180	668	742	748	158	48	d__Bacteria;p__Chloroflexi;c__Anaerolineae;o__Anaerolineales;f__Anaerolineaceae;g__Leptolinea
d__Bacteria;p__Chloroflexi;c__Dehalococcoidia;o__GIF3;f__GIF3;g__GIF3	6823	3082	5385	552	450	322	1001	530	d__Bacteria;p__Chloroflexi;c__Dehalococcoidia;o__GIF3;f__GIF3;g__GIF3
d__Bacteria;p__Bacteroidota;c__Bacteroidia;o__Bacteroidales;f__SB-5;g__SB-5	391	307	569	275	253	238	189	171	d__Bacteria;p__Bacteroidota;c__Bacteroidia;o__Bacteroidales;f__SB-5;g__SB-5
d__Bacteria;p__Planctomycetota;c__Phycisphaerae;o__MSBL9;f__SG8-4;g__SG8-4	1012	676	1676	803	648	395	248	88	d__Bacteria;p__Planctomycetota;c__Phycisphaerae;o__MSBL9;f__SG8-4;g__SG8-4
d__Bacteria;p__Bacteroidota;c__Bacteroidia;o__Bacteroidales;f__Bacteroidetes_vadinHA17;g__Bacteroidetes_vadinHA17	1237	1762	2303	7157	6845	5334	917	544	d__Bacteria;p__Bacteroidota;c__Bacteroidia;o__Bacteroidales;f__Bacteroidetes_vadinHA17;g__Bacteroidetes_vadinHA17
d__Bacteria;p__Chloroflexi;c__Anaerolineae;o__Anaerolineales;f__Anaerolineaceae;g__Anaerolinea	151	163	170	417	483	671	102	58	d__Bacteria;p__Chloroflexi;c__Anaerolineae;o__Anaerolineales;f__Anaerolineaceae;g__Anaerolinea
d__Bacteria;p__Firmicutes;c__Bacilli;o__Lactobacillales;f__Streptococcaceae;g__Streptococcus	14	439	171	164	190	185	151	452	d__Bacteria;p__Firmicutes;c__Bacilli;o__Lactobacillales;f__Streptococcaceae;g__Streptococcus
d__Bacteria;p__Bacteroidota;c__Bacteroidia;o__Bacteroidales;f__Bacteroidaceae;g__Bacteroides	315	869	5260	847	924	4822	7041	530	d__Bacteria;p__Bacteroidota;c__Bacteroidia;o__Bacteroidales;f__Bacteroidaceae;g__Bacteroides
d__Bacteria;p__Bacteroidota;c__Bacteroidia;o__Bacteroidales;f__Rikenellaceae;g__Alistipes	22	170	269	102	168	226	198	83	d__Bacteria;p__Bacteroidota;c__Bacteroidia;o__Bacteroidales;f__Rikenellaceae;g__Alistipes
d__Bacteria;p__SAR324_clade(Marine_group_B);c__SAR324_clade(Marine_group_B);o__SAR324_clade(Marine_group_B);f__SAR324_clade(Marine_group_B);g__SAR324_clade(Marine_group_B)	377	409	328	932	982	870	167	178	d__Bacteria;p__SAR324_clade(Marine_group_B);c__SAR324_clade(Marine_group_B);o__SAR324_clade(Marine_group_B);f__SAR324_clade(Marine_group_B);g__SAR324_clade(Marine_group_B)
d__Bacteria;p__Bdellovibrionota;c__Oligoflexia;o__0319-6G20;f__0319-6G20;g__0319-6G20	130	154	116	78	206	180	2	10	d__Bacteria;p__Bdellovibrionota;c__Oligoflexia;o__0319-6G20;f__0319-6G20;g__0319-6G20
d__Bacteria;p__Desulfobacterota;c__Syntrophobacteria;o__Syntrophobacterales;f__Syntrophobacteraceae;g__Syntrophobacter	189	127	150	392	395	309	63	38	d__Bacteria;p__Desulfobacterota;c__Syntrophobacteria;o__Syntrophobacterales;f__Syntrophobacteraceae;g__Syntrophobacter
d__Bacteria;p__Desulfobacterota;c__uncultured;o__uncultured;f__uncultured;g__uncultured	2006	1364	1811	4687	5297	4443	983	636	d__Bacteria;p__Desulfobacterota;c__uncultured;o__uncultured;f__uncultured;g__uncultured
d__Bacteria;p__Sva0485;c__Sva0485;o__Sva0485;f__Sva0485;g__Sva0485	4723	3811	4479	10420	11597	10485	2344	1655	d__Bacteria;p__Sva0485;c__Sva0485;o__Sva0485;f__Sva0485;g__Sva0485
d__Bacteria;p__Desulfobacterota;c__Desulfobacteria;o__Desulfatiglandales;f__Desulfatiglandaceae;g__Desulfatiglans	4353	3143	4520	785	762	606	935	739	d__Bacteria;p__Desulfobacterota;c__Desulfobacteria;o__Desulfatiglandales;f__Desulfatiglandaceae;g__Desulfatiglans
d__Bacteria;p__Desulfobacterota;c__Syntrophobacteria;o__Syntrophobacterales;f__uncultured;g__uncultured	1442	1524	1451	251	193	154	329	335	d__Bacteria;p__Desulfobacterota;c__Syntrophobacteria;o__Syntrophobacterales;f__uncultured;g__uncultured
d__Bacteria;p__Proteobacteria;c__Alphaproteobacteria;o__Rhizobiales;f__Xanthobacteraceae;__	141	190	156	248	370	417	50	72	d__Bacteria;p__Proteobacteria;c__Alphaproteobacteria;o__Rhizobiales;f__Xanthobacteraceae;__
d__Bacteria;p__Acidobacteriota;c__Acidobacteriae;o__Subgroup_2;f__Subgroup_2;g__Subgroup_2	243	284	337	1080	1137	2430	127	74	d__Bacteria;p__Acidobacteriota;c__Acidobacteriae;o__Subgroup_2;f__Subgroup_2;g__Subgroup_2
d__Bacteria;p__Actinobacteriota;c__Thermoleophilia;o__Gaiellales;f__uncultured;g__uncultured	253	202	360	163	137	175	135	56	d__Bacteria;p__Actinobacteriota;c__Thermoleophilia;o__Gaiellales;f__uncultured;g__uncultured
d__Bacteria;p__LCP-89;c__LCP-89;o__LCP-89;f__LCP-89;g__LCP-89	627	440	768	361	246	142	236	73	d__Bacteria;p__LCP-89;c__LCP-89;o__LCP-89;f__LCP-89;g__LCP-89
d__Bacteria;p__Bacteroidota;c__SJA-28;o__SJA-28;f__SJA-28;g__SJA-28	227	210	227	1056	913	1200	176	149	d__Bacteria;p__Bacteroidota;c__SJA-28;o__SJA-28;f__SJA-28;g__SJA-28
d__Bacteria;p__Firmicutes;c__Bacilli;o__Bacillales;__;__	159	127	210	525	579	289	202	92	d__Bacteria;p__Firmicutes;c__Bacilli;o__Bacillales;__;__
d__Bacteria;p__Bacteroidota;c__Ignavibacteria;o__Ignavibacteriales;f__Ignavibacteriaceae;g__Ignavibacterium	200	417	192	577	542	1038	192	253	d__Bacteria;p__Bacteroidota;c__Ignavibacteria;o__Ignavibacteriales;f__Ignavibacteriaceae;g__Ignavibacterium
d__Bacteria;p__Chloroflexi;c__KD4-96;o__KD4-96;f__KD4-96;g__KD4-96	126	117	112	305	300	381	49	33	d__Bacteria;p__Chloroflexi;c__KD4-96;o__KD4-96;f__KD4-96;g__KD4-96
d__Bacteria;p__Spirochaetota;c__Spirochaetia;o__Spirochaetales;f__Spirochaetaceae;g__Spirochaeta	1365	1158	1147	2128	2271	1438	474	396	d__Bacteria;p__Spirochaetota;c__Spirochaetia;o__Spirochaetales;f__Spirochaetaceae;g__Spirochaeta
d__Bacteria;p__Nitrospirota;c__Thermodesulfovibrionia;o__uncultured;f__uncultured;g__uncultured	1533	859	1110	883	641	839	265	169	d__Bacteria;p__Nitrospirota;c__Thermodesulfovibrionia;o__uncultured;f__uncultured;g__uncultured
d__Bacteria;p__Desulfobacterota;c__Syntrophia;o__Syntrophales;f__Syntrophaceae;g__Syntrophus	172	167	146	869	724	535	121	97	d__Bacteria;p__Desulfobacterota;c__Syntrophia;o__Syntrophales;f__Syntrophaceae;g__Syntrophus
d__Bacteria;p__Desulfobacterota;c__Syntrophia;o__Syntrophales;__;__	982	828	840	3011	3105	2555	617	418	d__Bacteria;p__Desulfobacterota;c__Syntrophia;o__Syntrophales;__;__
d__Bacteria;p__Desulfobacterota;c__Syntrophia;o__Syntrophales;f__Smithellaceae;g__Smithella	115	67	137	717	766	477	132	61	d__Bacteria;p__Desulfobacterota;c__Syntrophia;o__Syntrophales;f__Smithellaceae;g__Smithella
d__Bacteria;p__Acidobacteriota;c__Acidobacteriae;o__Bryobacterales;f__Bryobacteraceae;g__Bryobacter	217	202	246	977	925	1015	163	78	d__Bacteria;p__Acidobacteriota;c__Acidobacteriae;o__Bryobacterales;f__Bryobacteraceae;g__Bryobacter
d__Bacteria;p__Proteobacteria;c__Alphaproteobacteria;o__Rhodospirillales;f__Magnetospirillaceae;g__Telmatospirillum	140	133	116	34	184	166	13	10	d__Bacteria;p__Proteobacteria;c__Alphaproteobacteria;o__Rhodospirillales;f__Magnetospirillaceae;g__Telmatospirillum
d__Bacteria;p__NKB15;c__NKB15;o__NKB15;f__NKB15;g__NKB15	148	207	160	307	353	273	26	56	d__Bacteria;p__NKB15;c__NKB15;o__NKB15;f__NKB15;g__NKB15
d__Bacteria;p__Acidobacteriota;c__Subgroup_18;o__Subgroup_18;f__Subgroup_18;g__Subgroup_18	1698	1531	2336	3859	4178	5206	853	463	d__Bacteria;p__Acidobacteriota;c__Subgroup_18;o__Subgroup_18;f__Subgroup_18;g__Subgroup_18
d__Bacteria;p__Desulfobacterota;c__Syntrophorhabdia;o__Syntrophorhabdales;f__Syntrophorhabdaceae;g__Syntrophorhabdus	454	495	564	1898	1725	1571	296	186	d__Bacteria;p__Desulfobacterota;c__Syntrophorhabdia;o__Syntrophorhabdales;f__Syntrophorhabdaceae;g__Syntrophorhabdus
d__Bacteria;p__Desulfobacterota;c__Desulfuromonadia;o__Geobacterales;f__Geobacteraceae;__	483	480	414	1125	1106	1513	261	232	d__Bacteria;p__Desulfobacterota;c__Desulfuromonadia;o__Geobacterales;f__Geobacteraceae;__
d__Bacteria;p__Acidobacteriota;c__Acidobacteriae;o__Acidobacteriales;f__uncultured;g__uncultured	387	342	395	250	423	1016	27	0	d__Bacteria;p__Acidobacteriota;c__Acidobacteriae;o__Acidobacteriales;f__uncultured;g__uncultured
d__Bacteria;p__Acidobacteriota;c__Acidobacteriae;o__Solibacterales;f__Solibacteraceae;g__Candidatus_Solibacter	174	166	240	631	652	647	101	37	d__Bacteria;p__Acidobacteriota;c__Acidobacteriae;o__Solibacterales;f__Solibacteraceae;g__Candidatus_Solibacter
d__Archaea;p__Asgardarchaeota;c__Lokiarchaeia;o__Lokiarchaeia;f__Lokiarchaeia;g__Lokiarchaeia	855	597	1439	427	362	93	76	83	d__Archaea;p__Asgardarchaeota;c__Lokiarchaeia;o__Lokiarchaeia;f__Lokiarchaeia;g__Lokiarchaeia
d__Bacteria;p__Verrucomicrobiota;c__Verrucomicrobiae;o__Pedosphaerales;f__Pedosphaeraceae;g__Pedosphaeraceae	182	202	170	483	643	423	132	61	d__Bacteria;p__Verrucomicrobiota;c__Verrucomicrobiae;o__Pedosphaerales;f__Pedosphaeraceae;g__Pedosphaeraceae
d__Bacteria;p__Verrucomicrobiota;c__Verrucomicrobiae;o__Pedosphaerales;f__Pedosphaeraceae;__	247	193	227	862	953	979	169	138	d__Bacteria;p__Verrucomicrobiota;c__Verrucomicrobiae;o__Pedosphaerales;f__Pedosphaeraceae;__
d__Bacteria;p__Verrucomicrobiota;c__Verrucomicrobiae;o__Pedosphaerales;f__Pedosphaeraceae;g__ADurb.Bin063-1	365	377	382	2060	2052	2115	154	106	d__Bacteria;p__Verrucomicrobiota;c__Verrucomicrobiae;o__Pedosphaerales;f__Pedosphaeraceae;g__ADurb.Bin063-1
d__Bacteria;p__Nitrospirota;c__4-29-1;o__4-29-1;f__4-29-1;g__4-29-1	528	493	500	2496	1716	2240	330	255	d__Bacteria;p__Nitrospirota;c__4-29-1;o__4-29-1;f__4-29-1;g__4-29-1
d__Bacteria;p__Methylomirabilota;c__Methylomirabilia;o__Methylomirabilales;f__Methylomirabilaceae;g__Sh765B-TzT-35	214	92	128	450	487	897	108	17	d__Bacteria;p__Methylomirabilota;c__Methylomirabilia;o__Methylomirabilales;f__Methylomirabilaceae;g__Sh765B-TzT-35
d__Archaea;p__Thermoplasmatota;c__Thermoplasmata;o__Marine_Benthic_Group_D_and_DHVEG-1;f__Marine_Benthic_Group_D_and_DHVEG-1;g__Marine_Benthic_Group_D_and_DHVEG-1	1251	1183	1871	2323	1098	353	312	162	d__Archaea;p__Thermoplasmatota;c__Thermoplasmata;o__Marine_Benthic_Group_D_and_DHVEG-1;f__Marine_Benthic_Group_D_and_DHVEG-1;g__Marine_Benthic_Group_D_and_DHVEG-1
d__Archaea;p__Aenigmarchaeota;c__Deep_Sea_Euryarchaeotic_Group(DSEG);o__Deep_Sea_Euryarchaeotic_Group(DSEG);f__Deep_Sea_Euryarchaeotic_Group(DSEG);g__Deep_Sea_Euryarchaeotic_Group(DSEG)	130	77	121	410	205	117	33	28	d__Archaea;p__Aenigmarchaeota;c__Deep_Sea_Euryarchaeotic_Group(DSEG);o__Deep_Sea_Euryarchaeotic_Group(DSEG);f__Deep_Sea_Euryarchaeotic_Group(DSEG);g__Deep_Sea_Euryarchaeotic_Group(DSEG)
d__Archaea;p__Halobacterota;c__Methanosarcinia;o__Methanosarciniales;f__Methanosaetaceae;g__Methanosaeta	363	182	272	586	243	655	54	23	d__Archaea;p__Halobacterota;c__Methanosarcinia;o__Methanosarciniales;f__Methanosaetaceae;g__Methanosaeta
d__Archaea;p__Halobacterota;c__Methanomicrobia;o__Methanomicrobiales;f__Methanomicrobiaceae;g__uncultured	2338	185	262	345	240	399	14	10	d__Archaea;p__Halobacterota;c__Methanomicrobia;o__Methanomicrobiales;f__Methanomicrobiaceae;g__uncultured
d__Archaea;p__Thermoplasmatota;c__Thermoplasmata;o__Methanomassiliicoccales;f__uncultured;g__uncultured	370	228	359	1547	1489	372	34	34	d__Archaea;p__Thermoplasmatota;c__Thermoplasmata;o__Methanomassiliicoccales;f__uncultured;g__uncultured
d__Archaea;p__Halobacterota;c__Methanomicrobia;o__Methanomicrobiales;f__Methanoregulaceae;g__Methanoregula	605	275	400	1744	1186	1021	112	94	d__Archaea;p__Halobacterota;c__Methanomicrobia;o__Methanomicrobiales;f__Methanoregulaceae;g__Methanoregula
